Nombre,Número de documento,Fecha de nacimiento,País,Fecha de caducidad
Boris Orlova,267599,03/07/1965,Georgia,29/08/1982
Boris Ivanov,582826,10/07/1944,Bielorrusia,03/05/1981
Natalia Kuznetsova,925777,24/02/1957,Azerbaiyán,11/12/1983
Natalia Volkov,996444,16/09/1951,Kazajistán,10/04/1983
Svetlana Romanova,199682,02/06/1949,Azerbaiyán,29/03/1983
Irina Gagarin,490011,08/02/1954,Georgia,21/06/1982
Ivan Sokolov,757290,01/12/1952,Bielorrusia,16/04/1981
Andrei Sokolov,888300,17/06/1940,Lituania,13/04/1983
Yuri Morozova,251411,26/11/1957,Ucrania,25/04/1983
Tatiana Smirnova,862904,22/12/1958,Azerbaiyán,23/02/1981
Boris Petrov,288497,28/08/1963,Georgia,20/11/1983
Andrei Petrov,997655,27/02/1948,Georgia,24/06/1981
Ekaterina Petrov,325363,27/05/1951,Uzbekistán,14/11/1983
Tatiana Sokolov,946634,06/10/1961,Letonia,09/09/1981
Ivan Kuznetsova,366976,09/11/1953,Letonia,15/07/1981
Yuri Smirnova,304811,22/03/1940,Georgia,22/07/1982
Sergei Ivanov,924034,15/01/1943,Bielorrusia,06/04/1982
Anastasia Ivanov,243833,29/08/1940,Georgia,09/12/1982
Anastasia Volkov,198553,17/10/1944,Rusia,27/08/1982
Nikolai Romanova,215745,15/03/1968,Ucrania,14/05/1983
Anastasia Sokolov,184788,26/09/1944,Georgia,04/06/1983
Ekaterina Romanova,914774,23/05/1962,Uzbekistán,12/10/1981
Yuri Gagarin,986457,25/04/1964,Estonia,05/08/1982
Dmitri Gagarin,480851,22/01/1942,Georgia,18/04/1983
Nikolai Volkov,273644,19/03/1965,Estonia,08/07/1981
Dmitri Romanova,491513,17/02/1966,Ucrania,12/02/1982
Svetlana Sokolov,620948,17/11/1959,Bielorrusia,29/03/1982
Svetlana Volkov,250886,12/09/1952,Letonia,18/05/1982
Olga Smirnova,925588,13/03/1944,Kazajistán,17/09/1982
Anastasia Morozova,111100,05/07/1955,Georgia,04/01/1983
Galina Volkov,485010,09/06/1943,Georgia,24/10/1983
Dmitri Volkov,722682,10/02/1965,Ucrania,16/11/1983
Andrei Gagarin,847086,09/05/1952,Kazajistán,29/07/1982
Mikhail Kuznetsova,213095,10/03/1948,Ucrania,24/06/1983
Marina Ivanov,381767,14/11/1951,Azerbaiyán,21/09/1981
Olga Petrov,783718,22/12/1959,Rusia,20/01/1981
Dmitri Orlova,933645,06/11/1951,Lituania,21/10/1982
Tatiana Ivanov,538219,21/08/1947,Kazajistán,10/03/1982
Boris Ivanov,803755,18/10/1940,Letonia,02/07/1983
Yuri Smirnova,829991,09/10/1953,Azerbaiyán,25/08/1983
Nikolai Smirnova,635152,09/04/1951,Lituania,13/05/1981
Ivan Kuznetsova,518368,14/09/1957,Lituania,02/06/1983
Viktor Morozova,756617,17/08/1969,Rusia,26/12/1981
Boris Orlova,600630,22/01/1955,Lituania,10/06/1983
Marina Petrov,606154,29/06/1958,Azerbaiyán,11/07/1981
Svetlana Ivanov,220274,20/10/1941,Azerbaiyán,03/08/1982
Tatiana Sokolov,517136,31/08/1943,Azerbaiyán,02/09/1983
Alexei Petrov,789391,28/05/1952,Estonia,18/12/1982
Marina Petrov,723287,25/03/1968,Uzbekistán,13/05/1981
Mikhail Ivanov,642377,04/08/1948,Estonia,16/03/1982
Irina Morozova,518300,08/04/1957,Letonia,11/02/1981
Galina Smirnova,304519,12/01/1958,Kazajistán,20/01/1982
Dmitri Gagarin,455372,06/12/1957,Rusia,31/10/1982
Irina Orlova,778640,07/05/1967,Lituania,11/06/1983
Svetlana Romanova,482813,01/11/1969,Kazajistán,17/05/1981
Ekaterina Petrov,528304,26/01/1951,Azerbaiyán,09/07/1982
Yuri Volkov,355483,10/02/1949,Azerbaiyán,05/02/1983
Ludmila Ivanov,767632,15/12/1945,Ucrania,30/12/1982
Alexei Sokolov,510775,21/09/1952,Kazajistán,08/03/1981
Viktor Orlova,244387,05/01/1957,Bielorrusia,09/02/1981
Yuri Volkov,592418,08/03/1951,Bielorrusia,04/10/1981
Olga Kuznetsova,330915,03/01/1945,Letonia,13/04/1981
Marina Sokolov,679694,02/01/1943,Ucrania,29/03/1982
Ludmila Morozova,427876,01/03/1951,Uzbekistán,14/06/1981
Nikolai Morozova,716277,03/03/1952,Estonia,02/11/1981
Irina Ivanov,884513,11/08/1948,Georgia,01/09/1982
Andrei Petrov,636699,03/04/1954,Georgia,06/11/1981
Nikolai Orlova,104599,26/05/1949,Lituania,15/01/1982
Olga Orlova,954427,22/10/1966,Kazajistán,22/06/1982
Yuri Sokolov,788180,19/07/1943,Lituania,13/03/1983
Nikolai Gagarin,819832,25/05/1942,Georgia,11/01/1983
Tatiana Ivanov,870668,25/05/1947,Rusia,28/10/1983
Boris Smirnova,574439,19/06/1954,Kazajistán,31/05/1983
Natalia Orlova,958026,08/01/1962,Letonia,24/08/1983
Tatiana Gagarin,771399,10/02/1953,Kazajistán,01/08/1983
Irina Ivanov,353910,11/02/1942,Kazajistán,09/04/1981
Anastasia Smirnova,847738,12/09/1964,Lituania,08/02/1981
Marina Romanova,980387,18/05/1959,Estonia,09/07/1982
Nikolai Sokolov,703481,13/06/1941,Azerbaiyán,29/09/1983
Nikolai Romanova,526672,21/07/1946,Letonia,14/03/1981
Mikhail Volkov,256701,24/02/1955,Ucrania,03/01/1982
Sergei Ivanov,950231,11/08/1949,Estonia,18/12/1982
Ivan Smirnova,986249,15/11/1950,Kazajistán,07/02/1982
Natalia Smirnova,790682,17/09/1945,Kazajistán,10/01/1983
Anastasia Gagarin,615020,26/02/1959,Lituania,28/04/1982
Dmitri Kuznetsova,304587,10/11/1940,Uzbekistán,21/03/1982
Andrei Petrov,391437,09/08/1962,Estonia,11/08/1981
Olga Orlova,832013,25/10/1962,Estonia,28/01/1982
Tatiana Smirnova,169696,14/10/1947,Estonia,02/06/1983
Mikhail Morozova,290740,16/01/1943,Azerbaiyán,31/10/1983
Sergei Smirnova,209652,11/05/1946,Georgia,03/02/1983
Natalia Petrov,242184,22/07/1967,Uzbekistán,16/12/1981
Marina Kuznetsova,480001,15/07/1970,Ucrania,22/04/1983
Ekaterina Smirnova,518453,23/03/1970,Letonia,05/12/1981
Viktor Smirnova,410605,15/01/1967,Estonia,03/03/1981
Sergei Kuznetsova,948384,07/05/1959,Bielorrusia,01/07/1983
Ivan Gagarin,866586,17/03/1943,Georgia,30/06/1982
Svetlana Morozova,313914,23/04/1945,Rusia,24/11/1982
Sergei Romanova,942079,02/06/1954,Azerbaiyán,09/01/1982
Yuri Petrov,877133,22/08/1953,Letonia,04/06/1982
Natalia Sokolov,411860,02/05/1956,Letonia,30/12/1981
Tatiana Petrov,509935,27/11/1941,Kazajistán,20/12/1983
Svetlana Petrov,925628,18/05/1941,Uzbekistán,09/06/1982
Svetlana Sokolov,717967,03/07/1943,Azerbaiyán,08/05/1983
Marina Morozova,795218,06/10/1961,Ucrania,28/08/1983
Andrei Smirnova,630179,09/07/1959,Kazajistán,28/01/1983
Galina Romanova,158944,07/03/1963,Azerbaiyán,12/05/1981
Sergei Romanova,355255,08/06/1944,Lituania,13/09/1983
Tatiana Orlova,893825,16/12/1945,Azerbaiyán,30/09/1982
Irina Sokolov,548868,24/06/1953,Lituania,27/07/1983
Viktor Volkov,860552,18/10/1964,Bielorrusia,17/01/1983
Irina Volkov,782161,30/12/1963,Azerbaiyán,03/12/1982
Marina Sokolov,860399,01/06/1943,Estonia,11/09/1982
Ivan Kuznetsova,831676,26/11/1942,Rusia,02/08/1981
Yuri Ivanov,845841,20/09/1962,Georgia,23/11/1982
Svetlana Smirnova,774029,19/08/1956,Rusia,11/08/1982
Viktor Kuznetsova,246942,08/09/1940,Azerbaiyán,29/11/1983
Sergei Romanova,919336,17/12/1957,Bielorrusia,23/07/1983
Svetlana Sokolov,994488,08/08/1958,Lituania,06/01/1982
Dmitri Ivanov,640052,09/10/1951,Estonia,15/11/1982
Yuri Romanova,695460,16/07/1947,Uzbekistán,14/10/1981
Marina Orlova,562488,03/08/1963,Bielorrusia,18/11/1983
Anastasia Sokolov,182777,18/01/1970,Georgia,05/11/1983
Ivan Morozova,206691,02/10/1970,Kazajistán,26/06/1981
Galina Orlova,325851,20/10/1952,Azerbaiyán,16/10/1981
Yuri Ivanov,457003,28/05/1959,Estonia,19/07/1981
Yuri Ivanov,358437,20/09/1960,Uzbekistán,11/09/1982
Yuri Gagarin,954310,21/03/1968,Kazajistán,20/02/1983
Ekaterina Romanova,538269,31/12/1943,Azerbaiyán,22/05/1982
Galina Gagarin,438267,07/01/1960,Lituania,23/06/1981
Tatiana Morozova,259204,17/02/1952,Bielorrusia,02/03/1983
Nikolai Morozova,390867,13/08/1967,Uzbekistán,14/06/1981
Galina Smirnova,930546,10/05/1954,Bielorrusia,03/06/1982
Galina Kuznetsova,905975,10/12/1945,Georgia,13/05/1983
Ekaterina Smirnova,104488,12/01/1969,Letonia,08/10/1982
Andrei Ivanov,934331,23/06/1961,Estonia,03/01/1982
Ludmila Sokolov,735037,23/01/1942,Ucrania,08/06/1982
Alexei Sokolov,751131,12/04/1963,Rusia,13/10/1981
Ekaterina Volkov,387209,23/10/1949,Letonia,20/02/1982
Dmitri Volkov,144138,05/02/1965,Rusia,10/11/1983
Dmitri Morozova,521372,27/12/1956,Azerbaiyán,19/06/1983
Tatiana Smirnova,582694,17/09/1966,Georgia,07/05/1983
Mikhail Volkov,164673,26/06/1968,Lituania,12/04/1983
Ludmila Gagarin,424777,21/07/1962,Estonia,17/04/1983
Natalia Kuznetsova,106390,17/02/1947,Kazajistán,04/09/1982
Mikhail Volkov,195439,25/08/1954,Rusia,30/01/1981
Olga Ivanov,999757,16/05/1945,Bielorrusia,25/09/1981
Galina Volkov,284032,14/03/1958,Azerbaiyán,03/07/1981
Sergei Gagarin,520490,20/11/1952,Letonia,10/11/1983
Tatiana Petrov,623698,30/03/1966,Azerbaiyán,29/12/1983
Mikhail Kuznetsova,103715,25/11/1942,Bielorrusia,26/04/1981
Alexei Kuznetsova,791981,18/08/1942,Azerbaiyán,04/03/1983
Dmitri Volkov,417070,16/04/1955,Bielorrusia,04/08/1982
Yuri Morozova,803761,24/11/1968,Estonia,07/10/1983
Ekaterina Kuznetsova,630640,25/04/1951,Rusia,13/09/1981
Nikolai Orlova,909492,08/09/1949,Georgia,03/03/1981
Olga Romanova,491974,01/09/1968,Rusia,24/01/1982
Andrei Orlova,573929,19/07/1941,Uzbekistán,21/04/1981
Yuri Petrov,944990,06/11/1948,Uzbekistán,23/03/1981
Boris Romanova,111045,05/12/1960,Lituania,29/06/1983
Svetlana Sokolov,289916,05/06/1965,Letonia,11/01/1982
Ivan Morozova,184536,10/09/1963,Uzbekistán,01/01/1982
Sergei Gagarin,837704,03/09/1956,Bielorrusia,16/03/1982
Tatiana Petrov,661697,06/11/1941,Rusia,23/04/1983
Dmitri Kuznetsova,937545,11/02/1960,Azerbaiyán,27/06/1982
Yuri Petrov,117372,21/10/1954,Ucrania,12/09/1981
Irina Volkov,555479,04/07/1960,Azerbaiyán,22/04/1982
Boris Romanova,802763,27/08/1941,Rusia,12/08/1983
Anastasia Orlova,556106,07/11/1947,Kazajistán,05/08/1983
Nikolai Kuznetsova,458977,20/04/1962,Azerbaiyán,15/06/1981
Dmitri Smirnova,456393,02/03/1950,Lituania,01/03/1982
Svetlana Sokolov,341639,20/10/1942,Rusia,21/04/1982
Andrei Smirnova,505975,05/03/1965,Bielorrusia,12/11/1983
Tatiana Ivanov,613014,30/10/1959,Azerbaiyán,07/10/1981
Natalia Sokolov,974018,18/07/1940,Georgia,13/05/1982
Sergei Orlova,268262,23/01/1968,Kazajistán,29/10/1981
Nikolai Smirnova,110827,07/07/1966,Uzbekistán,10/05/1981
Andrei Petrov,802970,22/05/1953,Georgia,14/11/1982
Alexei Sokolov,448059,11/12/1959,Georgia,07/05/1981
Andrei Kuznetsova,969554,14/02/1961,Azerbaiyán,20/07/1983
Galina Volkov,333191,18/07/1957,Azerbaiyán,26/04/1981
Dmitri Morozova,374979,09/10/1956,Estonia,16/02/1983
Galina Orlova,656732,10/07/1946,Kazajistán,15/12/1982
Tatiana Gagarin,373341,31/03/1943,Uzbekistán,03/08/1982
Natalia Gagarin,986868,03/12/1969,Estonia,13/04/1983
Svetlana Ivanov,829368,15/01/1950,Uzbekistán,07/07/1981
Alexei Morozova,694098,30/12/1946,Georgia,22/11/1982
Svetlana Romanova,877650,13/06/1940,Lituania,27/10/1982
Boris Petrov,508683,21/04/1961,Lituania,15/04/1982
Sergei Ivanov,990598,16/09/1951,Uzbekistán,09/09/1981
Mikhail Orlova,426167,13/04/1957,Georgia,23/12/1981
Galina Kuznetsova,316894,06/03/1966,Georgia,16/05/1982
Ekaterina Volkov,967847,23/04/1946,Azerbaiyán,03/06/1981
Galina Romanova,439041,07/09/1942,Letonia,10/08/1981
Tatiana Gagarin,376925,02/10/1970,Azerbaiyán,09/10/1981
Alexei Morozova,988235,04/06/1969,Uzbekistán,07/03/1983
Natalia Kuznetsova,444602,11/02/1948,Rusia,22/01/1981
Svetlana Morozova,139172,20/06/1946,Georgia,23/10/1982
Natalia Smirnova,141095,20/09/1963,Lituania,12/05/1981
Yuri Petrov,175259,26/08/1969,Lituania,25/06/1983
Tatiana Romanova,677095,24/05/1943,Azerbaiyán,28/06/1982
Svetlana Gagarin,660726,22/12/1949,Letonia,14/06/1982
Alexei Morozova,129698,02/07/1959,Estonia,11/01/1981
Andrei Petrov,496839,27/02/1969,Rusia,04/04/1983
Irina Orlova,348636,08/02/1950,Georgia,25/04/1982
Mikhail Volkov,647557,25/02/1952,Georgia,20/11/1981
Anastasia Kuznetsova,606738,05/05/1958,Lituania,17/06/1981
Svetlana Orlova,723551,15/10/1942,Lituania,02/03/1981
Andrei Gagarin,985076,29/04/1961,Rusia,11/06/1982
Svetlana Romanova,801690,26/10/1942,Estonia,04/03/1982
Marina Ivanov,852589,03/03/1955,Azerbaiyán,31/12/1980
Marina Morozova,405354,28/07/1965,Azerbaiyán,12/02/1983
Ludmila Gagarin,727367,19/11/1951,Rusia,02/06/1982
Viktor Ivanov,717607,20/09/1957,Uzbekistán,26/09/1981
Anastasia Kuznetsova,853867,07/02/1965,Estonia,09/04/1982
Ludmila Orlova,133571,31/01/1959,Azerbaiyán,10/07/1981
Viktor Romanova,122826,14/11/1949,Azerbaiyán,15/05/1982
Nikolai Ivanov,777762,29/11/1963,Letonia,19/10/1983
Yuri Petrov,836197,09/03/1960,Kazajistán,12/09/1981
Andrei Ivanov,886819,17/08/1959,Bielorrusia,21/02/1983
Viktor Smirnova,587282,14/08/1964,Ucrania,06/05/1981
Galina Petrov,356931,14/08/1947,Kazajistán,04/07/1982
Anastasia Petrov,358281,27/06/1970,Ucrania,01/06/1982
Olga Volkov,968800,08/12/1951,Estonia,24/07/1981
Andrei Volkov,583506,18/03/1944,Kazajistán,24/02/1982
Anastasia Gagarin,120666,24/01/1968,Estonia,24/10/1982
Dmitri Petrov,517959,31/10/1944,Azerbaiyán,20/03/1983
Anastasia Volkov,658405,02/05/1968,Bielorrusia,13/07/1982
Svetlana Smirnova,710659,13/06/1954,Lituania,02/12/1983
Ivan Smirnova,844010,17/10/1948,Azerbaiyán,04/12/1981
Galina Sokolov,117979,24/07/1956,Azerbaiyán,16/10/1981
Ludmila Smirnova,545558,10/02/1949,Ucrania,22/06/1981
Galina Kuznetsova,967868,06/06/1957,Bielorrusia,17/01/1983
Ivan Romanova,797962,23/09/1945,Kazajistán,01/12/1982
Alexei Morozova,580015,10/10/1956,Ucrania,12/08/1982
Andrei Sokolov,726195,02/12/1947,Uzbekistán,27/07/1982
Ivan Volkov,876855,26/03/1967,Ucrania,12/10/1981
Olga Smirnova,299768,09/09/1968,Georgia,25/06/1982
Andrei Sokolov,829365,30/07/1968,Azerbaiyán,05/06/1982
Andrei Romanova,870610,11/10/1967,Bielorrusia,27/04/1983
Marina Romanova,286268,08/07/1961,Azerbaiyán,08/08/1981
Mikhail Orlova,261173,06/05/1940,Kazajistán,14/04/1981
Svetlana Ivanov,161512,18/10/1956,Kazajistán,27/07/1983
Dmitri Volkov,522451,08/05/1949,Bielorrusia,30/08/1983
Sergei Romanova,305880,05/06/1949,Georgia,08/06/1982
Viktor Smirnova,124348,07/12/1945,Bielorrusia,08/11/1981
Tatiana Kuznetsova,361335,03/06/1945,Estonia,29/01/1983
Svetlana Kuznetsova,241697,08/11/1957,Lituania,21/12/1983
Marina Petrov,710203,01/08/1942,Azerbaiyán,28/07/1981
Yuri Romanova,638487,07/05/1969,Rusia,23/02/1983
Ekaterina Gagarin,181303,15/07/1961,Rusia,27/10/1983
Andrei Gagarin,268263,27/06/1946,Lituania,01/12/1982
Nikolai Morozova,533264,04/09/1944,Lituania,16/01/1981
Marina Volkov,302273,14/10/1949,Letonia,16/12/1982
Dmitri Romanova,954979,27/10/1951,Georgia,04/12/1981
Natalia Romanova,936746,26/03/1944,Bielorrusia,25/03/1981
Olga Orlova,705992,04/01/1958,Rusia,07/12/1981
Ludmila Volkov,259787,13/09/1964,Rusia,03/09/1983
Mikhail Volkov,511154,03/09/1945,Kazajistán,04/03/1982
Dmitri Gagarin,436373,02/02/1957,Ucrania,28/12/1982
Ludmila Petrov,520658,18/10/1953,Azerbaiyán,01/09/1983
Mikhail Smirnova,857666,24/10/1943,Kazajistán,06/02/1982
Natalia Sokolov,352351,05/05/1946,Kazajistán,18/10/1983
Andrei Petrov,469618,26/11/1958,Letonia,23/10/1981
Anastasia Orlova,992228,16/01/1946,Uzbekistán,10/06/1983
Galina Kuznetsova,963085,12/02/1964,Rusia,12/11/1981
Galina Kuznetsova,848145,11/08/1957,Azerbaiyán,12/11/1981
Natalia Gagarin,620689,29/01/1941,Bielorrusia,11/01/1983
Anastasia Kuznetsova,848131,15/03/1949,Kazajistán,29/04/1983
Alexei Petrov,308240,12/08/1957,Lituania,07/10/1981
Sergei Kuznetsova,491816,05/05/1948,Rusia,22/07/1982
Nikolai Petrov,349145,21/04/1940,Georgia,23/10/1983
Sergei Orlova,976911,27/03/1948,Ucrania,13/12/1983
Galina Morozova,576637,01/11/1941,Georgia,25/04/1983
Dmitri Volkov,920930,09/03/1955,Rusia,09/11/1983
Alexei Petrov,717380,02/01/1947,Georgia,28/09/1983
Anastasia Volkov,760981,20/08/1952,Rusia,20/06/1983
Ekaterina Gagarin,459359,26/11/1962,Bielorrusia,17/11/1983
Irina Romanova,571933,28/05/1958,Uzbekistán,07/05/1983
Dmitri Gagarin,965859,03/11/1963,Georgia,11/12/1982
Olga Sokolov,132645,21/07/1966,Azerbaiyán,01/06/1982
Dmitri Ivanov,265937,22/09/1959,Georgia,04/07/1981
Ekaterina Romanova,705011,20/09/1954,Ucrania,13/10/1982
Olga Orlova,106490,06/11/1944,Lituania,03/03/1981
Mikhail Volkov,231291,10/07/1955,Kazajistán,09/11/1983
Boris Morozova,153331,17/08/1947,Letonia,14/06/1983
Irina Gagarin,219333,06/06/1953,Uzbekistán,27/04/1983
Ekaterina Smirnova,349915,28/07/1969,Azerbaiyán,02/05/1983
Mikhail Morozova,834277,28/03/1949,Lituania,31/12/1981
Nikolai Smirnova,841631,14/06/1959,Bielorrusia,27/05/1982
Nikolai Romanova,965948,12/06/1962,Azerbaiyán,10/05/1981
Sergei Gagarin,117712,11/02/1952,Ucrania,28/06/1983
Marina Romanova,462040,12/06/1962,Georgia,21/03/1983
Marina Morozova,623767,03/06/1941,Letonia,03/07/1983
Mikhail Volkov,616264,02/12/1956,Azerbaiyán,15/12/1983
Nikolai Ivanov,858041,09/09/1958,Lituania,26/07/1981
Tatiana Sokolov,920184,27/03/1962,Ucrania,17/12/1982
Boris Volkov,494426,03/02/1953,Estonia,10/08/1982
Dmitri Kuznetsova,907989,17/12/1970,Ucrania,20/09/1982
Dmitri Sokolov,957751,29/07/1951,Kazajistán,27/02/1981
Ivan Morozova,459432,06/02/1943,Bielorrusia,13/09/1982
Tatiana Kuznetsova,217295,20/02/1967,Bielorrusia,28/09/1981
Viktor Morozova,962124,24/07/1967,Kazajistán,17/10/1983
Anastasia Kuznetsova,163618,08/11/1955,Lituania,01/03/1981
Ekaterina Morozova,605991,26/07/1964,Estonia,17/11/1981
Anastasia Volkov,496425,16/02/1952,Bielorrusia,02/05/1982
Olga Gagarin,252967,22/04/1962,Ucrania,30/09/1981
Tatiana Sokolov,649046,23/04/1944,Lituania,30/07/1982
Boris Sokolov,602343,27/07/1940,Lituania,23/05/1983
Andrei Kuznetsova,197725,25/03/1943,Kazajistán,13/06/1981
Ivan Petrov,484179,05/02/1944,Lituania,04/03/1981
Viktor Smirnova,596817,09/05/1958,Kazajistán,03/05/1981
Anastasia Smirnova,498276,30/08/1969,Kazajistán,12/01/1982
Boris Gagarin,780998,18/05/1945,Georgia,28/12/1981
Mikhail Sokolov,295926,11/05/1964,Ucrania,17/03/1981
Natalia Morozova,136375,20/06/1954,Uzbekistán,21/11/1982
Nikolai Ivanov,210649,21/04/1961,Lituania,12/04/1983
Sergei Sokolov,223409,22/02/1940,Rusia,03/04/1981
Viktor Gagarin,999993,07/06/1968,Rusia,19/08/1982
Mikhail Smirnova,942372,12/03/1966,Estonia,27/04/1981
Andrei Gagarin,592222,23/12/1961,Rusia,24/05/1981
Anastasia Volkov,863001,24/09/1947,Ucrania,25/10/1983
Svetlana Ivanov,870951,30/06/1944,Ucrania,12/09/1982
Dmitri Morozova,701738,08/12/1959,Rusia,16/09/1983
Nikolai Morozova,871779,09/02/1965,Estonia,06/11/1982
Natalia Kuznetsova,409969,04/12/1961,Estonia,29/09/1981
Nikolai Gagarin,876729,03/03/1949,Georgia,04/10/1981
Ekaterina Morozova,452638,23/10/1955,Estonia,30/06/1981
Boris Sokolov,976134,29/08/1958,Bielorrusia,05/09/1982
Mikhail Smirnova,865879,19/09/1960,Kazajistán,29/05/1983
Tatiana Kuznetsova,836649,27/07/1952,Georgia,10/10/1981
Dmitri Morozova,348480,14/10/1966,Letonia,26/02/1983
Natalia Petrov,145971,21/12/1958,Bielorrusia,11/09/1982
Ludmila Petrov,287479,27/04/1950,Estonia,19/03/1982
Svetlana Gagarin,239938,12/06/1942,Ucrania,26/12/1981
Dmitri Orlova,491077,05/08/1964,Georgia,14/09/1983
Boris Gagarin,169942,21/04/1962,Rusia,08/02/1982
Svetlana Volkov,231938,20/01/1948,Ucrania,17/07/1982
Ivan Ivanov,807653,02/04/1964,Azerbaiyán,22/06/1983
Marina Sokolov,690200,02/10/1957,Rusia,13/12/1981
Svetlana Volkov,267437,28/01/1959,Ucrania,07/11/1982
Alexei Smirnova,441543,04/08/1940,Rusia,24/07/1981
Andrei Romanova,875242,09/11/1940,Ucrania,29/04/1982
Svetlana Romanova,693439,19/08/1967,Georgia,14/12/1982
Ludmila Petrov,557810,04/03/1947,Uzbekistán,02/05/1982
Natalia Morozova,739063,30/08/1941,Rusia,21/02/1981
Andrei Orlova,625017,10/09/1969,Rusia,13/12/1983
Boris Petrov,311835,04/01/1963,Letonia,18/10/1983
Ivan Sokolov,667565,08/06/1953,Letonia,20/11/1982
Mikhail Romanova,132676,03/04/1952,Ucrania,18/02/1981
Marina Petrov,385251,27/09/1944,Kazajistán,20/04/1982
Ekaterina Romanova,447784,28/12/1967,Azerbaiyán,28/04/1983
Mikhail Volkov,660499,05/02/1965,Letonia,26/02/1983
Ekaterina Gagarin,628712,26/10/1969,Uzbekistán,19/09/1982
Viktor Gagarin,214616,26/12/1943,Bielorrusia,04/07/1981
Marina Orlova,855295,10/01/1953,Ucrania,03/10/1983
Tatiana Romanova,463255,22/06/1965,Georgia,08/10/1981
Ivan Orlova,570021,12/07/1946,Uzbekistán,21/08/1982
Andrei Gagarin,386549,11/11/1947,Uzbekistán,18/08/1981
Natalia Kuznetsova,975309,10/07/1944,Ucrania,26/04/1982
Tatiana Kuznetsova,539458,28/12/1970,Rusia,26/02/1983
Yuri Orlova,789204,10/11/1952,Uzbekistán,02/03/1983
Marina Morozova,971560,12/02/1954,Rusia,29/04/1982
Galina Smirnova,121266,27/01/1965,Rusia,20/12/1982
Andrei Sokolov,195883,24/04/1946,Lituania,23/08/1982
Nikolai Kuznetsova,238551,14/04/1942,Letonia,20/12/1981
Svetlana Sokolov,440019,24/07/1970,Kazajistán,27/03/1982
Anastasia Morozova,844412,19/12/1967,Azerbaiyán,29/11/1982
Natalia Volkov,170211,17/09/1962,Bielorrusia,22/12/1982
Anastasia Petrov,105438,23/10/1951,Ucrania,26/07/1983
Boris Sokolov,277811,21/08/1942,Kazajistán,12/09/1982
Ludmila Ivanov,978566,20/06/1964,Ucrania,13/04/1981
Natalia Petrov,148116,01/02/1960,Bielorrusia,11/03/1982
Ekaterina Volkov,408681,14/01/1945,Estonia,06/12/1981
Dmitri Orlova,944241,06/09/1946,Georgia,15/12/1981
Natalia Petrov,128874,10/12/1943,Rusia,22/05/1981
Tatiana Volkov,815431,16/06/1969,Georgia,21/12/1982
Andrei Ivanov,407271,27/09/1964,Georgia,23/05/1982
Svetlana Romanova,110084,17/12/1948,Azerbaiyán,09/03/1981
Viktor Romanova,625194,01/03/1956,Azerbaiyán,20/11/1983
Olga Volkov,120051,18/05/1950,Kazajistán,09/09/1982
Marina Sokolov,183254,19/06/1940,Rusia,23/04/1982
Ivan Kuznetsova,503685,04/03/1947,Bielorrusia,26/12/1982
Anastasia Sokolov,801237,10/07/1950,Rusia,27/07/1981
Olga Gagarin,633861,28/10/1967,Uzbekistán,16/12/1983
Sergei Romanova,441912,23/12/1964,Ucrania,03/08/1982
Ivan Sokolov,651803,30/01/1957,Georgia,18/05/1983
Natalia Kuznetsova,726178,17/11/1945,Uzbekistán,05/08/1983
Irina Sokolov,414518,15/05/1963,Azerbaiyán,21/01/1983
Mikhail Volkov,687479,24/02/1962,Kazajistán,10/02/1981
Tatiana Morozova,344543,13/10/1955,Rusia,03/12/1982
Sergei Volkov,323311,18/11/1960,Uzbekistán,01/07/1983
Anastasia Orlova,275374,23/10/1948,Letonia,24/08/1982
Ludmila Smirnova,718864,17/11/1941,Uzbekistán,06/03/1983
Tatiana Kuznetsova,616120,28/11/1959,Uzbekistán,03/03/1981
Ivan Smirnova,185252,24/09/1964,Azerbaiyán,12/12/1982
Olga Volkov,750492,26/10/1965,Lituania,23/05/1983
Viktor Smirnova,124972,27/02/1952,Kazajistán,27/11/1981
Marina Romanova,843341,09/02/1954,Azerbaiyán,21/04/1983
Ivan Orlova,847345,08/10/1970,Estonia,26/09/1982
Irina Volkov,917078,10/03/1953,Rusia,29/08/1982
Galina Smirnova,309948,31/01/1954,Azerbaiyán,22/05/1983
Yuri Ivanov,639290,28/01/1956,Letonia,05/07/1983
Yuri Sokolov,509936,16/12/1946,Azerbaiyán,02/01/1983
Sergei Morozova,178471,04/06/1945,Georgia,25/04/1981
Olga Sokolov,176238,15/03/1965,Letonia,22/01/1981
Andrei Petrov,495780,06/03/1940,Rusia,19/07/1983
Ivan Ivanov,601497,30/03/1946,Rusia,29/10/1981
Anastasia Petrov,361991,09/01/1967,Bielorrusia,14/12/1982
Andrei Gagarin,988419,13/04/1950,Azerbaiyán,28/03/1983
Alexei Orlova,673680,17/09/1970,Letonia,12/12/1981
Anastasia Kuznetsova,242492,25/11/1960,Letonia,02/06/1983
Nikolai Morozova,651459,22/04/1957,Georgia,12/04/1983
Sergei Ivanov,694685,19/03/1946,Letonia,24/08/1983
Andrei Kuznetsova,990842,13/05/1943,Kazajistán,24/07/1983
Mikhail Morozova,726880,01/04/1951,Azerbaiyán,01/12/1982
Natalia Romanova,801493,11/05/1959,Georgia,03/07/1982
Sergei Orlova,236305,13/08/1952,Bielorrusia,19/11/1983
Marina Gagarin,698928,04/12/1945,Bielorrusia,14/03/1983
Galina Romanova,163848,22/02/1960,Georgia,07/01/1982
Yuri Ivanov,273309,20/09/1966,Lituania,25/02/1983
Galina Ivanov,258081,02/11/1956,Letonia,24/03/1981
Ludmila Romanova,998954,21/09/1941,Estonia,30/10/1982
Irina Morozova,160203,04/09/1956,Bielorrusia,08/09/1981
Andrei Ivanov,361634,02/10/1945,Ucrania,18/05/1982
Marina Orlova,204151,28/11/1953,Lituania,18/04/1983
Alexei Orlova,303684,03/12/1956,Uzbekistán,03/09/1983
Sergei Morozova,594511,08/10/1963,Letonia,22/08/1982
Anastasia Petrov,698041,06/03/1949,Ucrania,17/09/1981
Galina Kuznetsova,660729,22/01/1946,Estonia,26/09/1982
Dmitri Petrov,385050,29/06/1970,Estonia,03/04/1981
Tatiana Sokolov,820272,21/04/1943,Rusia,02/06/1981
Dmitri Volkov,864126,06/08/1940,Rusia,11/12/1982
Dmitri Morozova,751069,22/01/1963,Estonia,07/05/1981
Sergei Petrov,590550,01/12/1960,Lituania,18/02/1983
Alexei Sokolov,987159,10/01/1950,Kazajistán,18/03/1982
Marina Orlova,382112,21/09/1957,Estonia,23/10/1982
Ekaterina Smirnova,618751,08/11/1963,Georgia,01/05/1982
Olga Gagarin,498889,25/07/1962,Kazajistán,26/08/1981
Dmitri Petrov,919455,24/04/1942,Estonia,08/02/1983
Ivan Sokolov,508783,19/05/1953,Bielorrusia,09/06/1981
Ludmila Ivanov,910419,08/03/1947,Uzbekistán,08/05/1983
Andrei Sokolov,519201,22/04/1967,Bielorrusia,14/10/1982
Ludmila Sokolov,808914,03/04/1948,Bielorrusia,02/07/1981
Mikhail Morozova,386062,02/01/1940,Rusia,27/08/1981
Viktor Morozova,466522,24/09/1960,Georgia,27/04/1983
Olga Gagarin,959000,07/04/1960,Uzbekistán,25/09/1981
Andrei Petrov,131711,14/04/1945,Bielorrusia,28/03/1983
Nikolai Morozova,840838,26/06/1948,Ucrania,30/01/1981
Dmitri Gagarin,712367,20/07/1953,Azerbaiyán,14/07/1981
Andrei Morozova,267455,18/12/1968,Kazajistán,12/05/1981
Yuri Gagarin,826166,26/07/1956,Kazajistán,13/03/1983
Ekaterina Orlova,501024,09/01/1956,Lituania,22/05/1982
Sergei Romanova,787003,22/05/1943,Georgia,27/04/1982
Yuri Romanova,263499,01/04/1943,Bielorrusia,30/08/1982
Dmitri Kuznetsova,153237,23/05/1948,Azerbaiyán,06/01/1982
Irina Morozova,703025,22/11/1944,Uzbekistán,10/05/1981
Andrei Kuznetsova,441454,06/09/1963,Bielorrusia,19/04/1982
Galina Romanova,609094,08/01/1964,Letonia,06/02/1982
Tatiana Kuznetsova,131177,25/04/1953,Rusia,17/12/1982
Ludmila Smirnova,385302,02/06/1947,Bielorrusia,17/11/1983
Ivan Volkov,175428,06/09/1964,Azerbaiyán,31/12/1980
Irina Volkov,215899,17/01/1969,Uzbekistán,01/01/1983
Ekaterina Petrov,737428,05/11/1943,Ucrania,16/12/1982
Dmitri Sokolov,327514,13/11/1959,Kazajistán,10/05/1982
Tatiana Petrov,623734,22/05/1960,Azerbaiyán,30/05/1983
Ivan Volkov,131774,02/02/1968,Uzbekistán,20/10/1982
Olga Sokolov,654679,26/12/1967,Azerbaiyán,20/08/1982
Viktor Orlova,934475,20/02/1970,Kazajistán,18/04/1983
Ivan Sokolov,964809,19/07/1951,Ucrania,22/02/1982
Ivan Orlova,800484,23/09/1941,Lituania,05/10/1981
Sergei Romanova,350954,14/01/1969,Georgia,21/02/1982
Alexei Smirnova,395282,06/08/1950,Estonia,12/06/1982
Alexei Gagarin,497084,04/08/1954,Kazajistán,15/04/1981
Alexei Petrov,157851,29/02/1964,Estonia,01/09/1983
Ludmila Sokolov,198888,22/11/1967,Georgia,18/12/1981
Olga Petrov,563598,17/08/1965,Kazajistán,15/03/1983
Boris Orlova,382692,28/08/1962,Letonia,05/05/1983
Andrei Orlova,589060,20/11/1947,Uzbekistán,10/05/1983
Dmitri Orlova,109444,02/08/1945,Lituania,18/03/1982
Alexei Kuznetsova,906413,21/04/1948,Ucrania,17/08/1982
Anastasia Sokolov,962749,28/03/1940,Georgia,14/08/1981
Sergei Morozova,404798,28/04/1945,Estonia,08/09/1983
Ekaterina Petrov,380415,15/11/1966,Kazajistán,18/07/1981
Andrei Ivanov,455269,15/10/1946,Estonia,14/01/1981
Sergei Kuznetsova,617921,13/11/1960,Azerbaiyán,23/03/1982
Svetlana Orlova,200775,13/04/1944,Ucrania,28/01/1981
Nikolai Gagarin,317423,06/11/1958,Azerbaiyán,09/01/1982
Boris Morozova,920656,12/03/1949,Ucrania,09/12/1982
Ludmila Petrov,106703,26/11/1965,Kazajistán,21/09/1983
Anastasia Orlova,453852,26/09/1964,Georgia,08/01/1981
Tatiana Smirnova,735669,05/06/1957,Rusia,30/12/1983
Viktor Volkov,281273,03/12/1960,Kazajistán,23/06/1981
Sergei Volkov,878182,23/10/1949,Rusia,10/08/1982
Dmitri Gagarin,550905,03/10/1954,Letonia,25/02/1982
Andrei Petrov,755779,02/12/1968,Letonia,08/07/1982
Andrei Volkov,282935,06/12/1967,Ucrania,07/01/1981
Ekaterina Morozova,700979,09/02/1958,Estonia,26/01/1981
Alexei Gagarin,809534,10/02/1968,Uzbekistán,26/11/1981
Yuri Romanova,792413,06/07/1956,Rusia,26/05/1982
Sergei Sokolov,208308,06/05/1941,Georgia,22/08/1983
Ivan Petrov,537319,01/09/1944,Kazajistán,16/03/1983
Alexei Kuznetsova,572307,24/04/1944,Kazajistán,02/06/1983
Marina Petrov,488612,20/05/1969,Estonia,04/12/1982
Alexei Smirnova,902302,02/01/1963,Uzbekistán,15/06/1981
Galina Petrov,828656,13/08/1957,Bielorrusia,07/03/1981
Ludmila Orlova,962970,10/05/1960,Uzbekistán,15/07/1982
Ludmila Romanova,781354,09/02/1970,Rusia,02/10/1982
Viktor Romanova,400463,19/10/1967,Georgia,18/01/1981
Andrei Smirnova,483460,22/03/1943,Bielorrusia,07/04/1983
Sergei Smirnova,490594,22/02/1946,Azerbaiyán,26/07/1983
Boris Ivanov,612507,13/05/1956,Bielorrusia,16/02/1982
Svetlana Gagarin,297824,04/04/1948,Ucrania,30/12/1981
Alexei Orlova,741051,27/05/1944,Georgia,17/02/1983
Boris Petrov,604031,18/09/1947,Ucrania,15/06/1983
Irina Orlova,435855,29/06/1964,Kazajistán,19/09/1983
Marina Ivanov,650412,22/07/1954,Kazajistán,09/06/1982
Viktor Gagarin,857158,01/10/1949,Bielorrusia,17/06/1981
Ivan Smirnova,748335,13/12/1941,Estonia,21/07/1983
Dmitri Smirnova,358279,27/05/1961,Letonia,27/06/1982
Anastasia Gagarin,815194,14/08/1949,Uzbekistán,14/01/1982
Dmitri Romanova,886185,28/01/1954,Georgia,15/10/1981
Viktor Kuznetsova,443579,04/11/1945,Georgia,17/08/1981
Anastasia Romanova,936055,18/03/1967,Azerbaiyán,03/08/1983
Boris Gagarin,542733,01/03/1957,Uzbekistán,21/04/1982
Marina Orlova,635439,29/03/1957,Azerbaiyán,27/03/1983
Sergei Petrov,310668,24/12/1945,Azerbaiyán,08/04/1981
Boris Smirnova,714615,23/07/1944,Letonia,15/08/1983
Alexei Volkov,548576,04/05/1965,Azerbaiyán,26/06/1982
Anastasia Ivanov,827541,10/03/1940,Letonia,26/09/1982
Dmitri Orlova,248270,06/02/1940,Estonia,06/03/1981
Alexei Romanova,238069,26/07/1959,Rusia,07/08/1983
Ekaterina Gagarin,834428,30/09/1961,Lituania,09/10/1983
Dmitri Smirnova,262562,16/11/1957,Georgia,15/03/1981
Alexei Sokolov,710281,03/08/1956,Lituania,28/04/1981
Dmitri Ivanov,196455,23/06/1953,Georgia,14/06/1982
Viktor Petrov,504272,15/08/1949,Uzbekistán,12/01/1982
Yuri Volkov,265311,20/02/1957,Letonia,18/06/1983
Galina Volkov,871562,22/09/1945,Ucrania,17/09/1981
Dmitri Romanova,882991,03/11/1958,Letonia,27/09/1982
Svetlana Orlova,446570,30/03/1953,Bielorrusia,18/06/1983
Galina Kuznetsova,258202,23/07/1961,Bielorrusia,11/08/1982
Nikolai Gagarin,873963,02/07/1961,Bielorrusia,19/03/1981
Sergei Sokolov,230657,24/02/1958,Estonia,23/12/1981
Tatiana Orlova,446974,22/11/1942,Ucrania,05/10/1981
Alexei Kuznetsova,811276,23/01/1941,Ucrania,12/08/1981
Ludmila Orlova,655888,17/06/1942,Bielorrusia,24/11/1981
Andrei Petrov,666073,06/09/1940,Letonia,27/04/1983
Natalia Sokolov,551462,05/07/1945,Georgia,04/12/1982
Ludmila Romanova,999853,28/11/1954,Kazajistán,19/05/1982
Anastasia Morozova,687003,02/12/1958,Rusia,02/06/1981
Alexei Ivanov,799220,07/11/1964,Letonia,30/03/1983
Nikolai Orlova,488533,26/01/1954,Bielorrusia,30/07/1981
Sergei Sokolov,660536,24/02/1969,Bielorrusia,07/11/1981
Anastasia Kuznetsova,416754,09/07/1969,Azerbaiyán,28/09/1982
Irina Petrov,657309,09/11/1950,Ucrania,28/11/1981
Yuri Volkov,365860,21/08/1969,Bielorrusia,11/06/1982
Ekaterina Gagarin,752799,31/07/1958,Azerbaiyán,12/11/1982
Irina Ivanov,229295,19/10/1969,Letonia,11/01/1983
Ekaterina Smirnova,297329,17/03/1967,Rusia,03/06/1981
Anastasia Romanova,906112,07/01/1956,Uzbekistán,24/04/1981
Svetlana Morozova,682571,14/11/1952,Bielorrusia,25/05/1983
Marina Petrov,750417,25/02/1943,Rusia,15/02/1981
Dmitri Ivanov,852531,24/02/1966,Azerbaiyán,07/08/1982
Svetlana Ivanov,792849,12/02/1958,Bielorrusia,02/01/1981
Dmitri Ivanov,443140,23/08/1968,Uzbekistán,31/08/1983
Dmitri Sokolov,508445,12/01/1944,Azerbaiyán,14/12/1983
Ludmila Ivanov,377976,23/12/1957,Ucrania,29/01/1982
Sergei Romanova,989557,18/01/1966,Georgia,25/11/1983
Irina Petrov,568828,15/05/1952,Letonia,22/04/1982
Alexei Gagarin,650734,10/05/1960,Bielorrusia,26/04/1981
Natalia Kuznetsova,696200,01/06/1955,Bielorrusia,11/01/1981
Dmitri Romanova,507458,15/05/1942,Estonia,30/03/1983
Marina Ivanov,889152,03/09/1966,Uzbekistán,07/04/1983
Natalia Sokolov,228758,30/07/1967,Letonia,16/07/1983
Olga Petrov,213130,25/06/1965,Bielorrusia,01/10/1982
Mikhail Smirnova,655445,23/12/1968,Bielorrusia,24/11/1981
Sergei Volkov,397521,22/07/1959,Azerbaiyán,29/05/1982
Svetlana Sokolov,759113,30/05/1959,Rusia,30/05/1981
Ivan Petrov,810622,30/11/1956,Lituania,05/07/1981
Yuri Romanova,358055,13/02/1968,Bielorrusia,21/05/1983
Ivan Sokolov,391792,17/10/1940,Rusia,23/01/1983
Yuri Kuznetsova,982276,22/11/1966,Bielorrusia,08/07/1982
Dmitri Petrov,391186,07/06/1961,Estonia,18/05/1981
Galina Orlova,904106,12/02/1963,Lituania,03/09/1983
Ludmila Petrov,711738,22/08/1947,Estonia,21/04/1981
Dmitri Ivanov,441171,18/10/1960,Ucrania,15/12/1982
Natalia Petrov,111365,10/10/1948,Kazajistán,31/08/1983
Boris Sokolov,327800,24/09/1952,Rusia,01/12/1981
Irina Morozova,290302,12/01/1945,Azerbaiyán,04/12/1983
Natalia Smirnova,212185,26/09/1945,Rusia,07/10/1982
Tatiana Morozova,856218,19/11/1954,Georgia,10/07/1982
Ludmila Ivanov,545835,09/06/1952,Lituania,16/06/1982
Alexei Smirnova,162067,08/07/1970,Azerbaiyán,28/10/1983
Nikolai Volkov,841050,05/12/1959,Azerbaiyán,11/01/1981
Boris Kuznetsova,644017,07/02/1952,Rusia,28/10/1982
Ekaterina Kuznetsova,974673,28/05/1951,Uzbekistán,12/03/1983
Marina Morozova,691719,02/09/1947,Georgia,30/04/1982
Olga Petrov,479503,01/09/1970,Rusia,06/11/1981
Marina Petrov,946040,08/08/1945,Lituania,27/07/1981
Boris Volkov,980407,26/03/1957,Azerbaiyán,08/09/1982
Ludmila Ivanov,730348,11/12/1957,Rusia,09/02/1981
Natalia Volkov,148805,07/08/1958,Azerbaiyán,23/10/1982
Marina Kuznetsova,954102,13/11/1944,Bielorrusia,15/02/1981
Tatiana Orlova,251903,03/09/1956,Ucrania,27/05/1983
Marina Morozova,850227,01/02/1966,Georgia,17/12/1982
Mikhail Smirnova,948063,24/07/1956,Uzbekistán,20/05/1983
Ludmila Kuznetsova,405261,11/04/1964,Rusia,19/12/1983
Olga Morozova,838695,24/10/1969,Azerbaiyán,19/08/1981
Dmitri Romanova,492315,16/09/1945,Rusia,12/08/1981
Mikhail Sokolov,612518,18/11/1968,Azerbaiyán,03/11/1981
Ivan Sokolov,114023,03/11/1965,Lituania,04/08/1982
Alexei Smirnova,949513,18/10/1956,Rusia,13/11/1981
Marina Gagarin,354609,06/07/1969,Lituania,19/02/1982
Natalia Orlova,278166,30/04/1940,Rusia,21/08/1982
Irina Sokolov,595299,15/02/1941,Bielorrusia,12/02/1981
Sergei Morozova,413975,25/04/1954,Lituania,18/10/1983
Alexei Orlova,652470,17/02/1962,Estonia,30/08/1983
Olga Sokolov,915688,15/07/1968,Azerbaiyán,07/10/1981
Boris Kuznetsova,471353,03/01/1941,Letonia,20/08/1983
Andrei Romanova,486943,22/10/1953,Uzbekistán,03/06/1982
Tatiana Romanova,253878,22/08/1940,Estonia,14/10/1982
Ekaterina Smirnova,367866,03/02/1946,Lituania,03/09/1981
Ekaterina Ivanov,512941,01/08/1967,Azerbaiyán,31/03/1982
Irina Kuznetsova,649969,13/06/1964,Bielorrusia,05/08/1982
Sergei Kuznetsova,236339,24/01/1942,Kazajistán,09/09/1982
Marina Orlova,880772,25/03/1956,Rusia,16/04/1983
Sergei Petrov,981732,30/09/1955,Rusia,05/01/1982
Olga Sokolov,933427,07/06/1941,Georgia,14/08/1981
Viktor Romanova,457272,25/09/1962,Kazajistán,06/01/1983
Dmitri Petrov,688865,13/08/1965,Rusia,15/11/1982
Ekaterina Orlova,735281,08/02/1941,Ucrania,08/07/1982
Viktor Ivanov,118665,12/06/1954,Lituania,04/03/1982
Alexei Gagarin,794435,26/02/1966,Ucrania,17/07/1981
Ivan Kuznetsova,218088,27/08/1955,Kazajistán,30/07/1981
Galina Kuznetsova,289913,06/10/1956,Azerbaiyán,28/06/1983
Svetlana Gagarin,642724,12/02/1946,Bielorrusia,29/10/1981
Irina Sokolov,765432,21/08/1950,Georgia,17/12/1982
Sergei Volkov,190396,09/07/1959,Rusia,12/12/1983
Natalia Sokolov,894915,18/10/1946,Lituania,01/09/1982
Yuri Petrov,537045,24/04/1943,Letonia,22/01/1982
Andrei Ivanov,507478,27/08/1969,Bielorrusia,14/01/1982
Viktor Smirnova,526797,14/06/1941,Georgia,06/12/1981
Sergei Romanova,229705,06/11/1970,Ucrania,30/09/1981
Mikhail Morozova,216216,18/01/1944,Bielorrusia,04/12/1982
Boris Gagarin,290970,06/12/1940,Georgia,08/04/1982
Ludmila Ivanov,164132,20/10/1959,Estonia,18/09/1982
Yuri Smirnova,961966,10/06/1957,Rusia,12/11/1983
Yuri Gagarin,551391,05/01/1959,Lituania,20/01/1981
Dmitri Gagarin,582048,23/02/1945,Azerbaiyán,19/10/1981
Dmitri Orlova,872344,07/07/1945,Georgia,17/12/1983
Ekaterina Petrov,186834,16/08/1941,Kazajistán,04/08/1983
Boris Kuznetsova,483711,23/07/1969,Estonia,17/12/1982
Ekaterina Smirnova,267173,15/12/1965,Bielorrusia,21/09/1982
Olga Ivanov,293265,06/08/1965,Azerbaiyán,24/01/1983
Nikolai Petrov,859346,29/06/1966,Azerbaiyán,26/12/1981
Ivan Petrov,167586,19/02/1970,Azerbaiyán,23/08/1982
Ekaterina Orlova,691613,28/04/1967,Ucrania,10/04/1981
Boris Morozova,303033,16/10/1943,Bielorrusia,21/12/1983
Viktor Kuznetsova,492217,06/01/1958,Estonia,17/06/1982
Olga Romanova,663104,14/05/1954,Lituania,14/09/1981
Alexei Volkov,113893,22/02/1946,Rusia,01/12/1982
Irina Orlova,398302,16/05/1944,Letonia,28/10/1983
Olga Smirnova,655853,24/09/1958,Kazajistán,27/09/1982
Ivan Orlova,243205,17/09/1949,Bielorrusia,15/09/1983
Marina Gagarin,429659,24/02/1961,Georgia,05/09/1983
Ekaterina Gagarin,497518,19/06/1944,Lituania,22/06/1983
Irina Romanova,860869,27/05/1964,Estonia,30/11/1981
Viktor Volkov,682085,05/07/1958,Rusia,30/08/1981
Nikolai Morozova,269648,30/08/1969,Estonia,08/10/1981
Sergei Romanova,525064,18/04/1945,Uzbekistán,08/07/1983
Viktor Petrov,226543,06/09/1967,Lituania,06/01/1983
Galina Smirnova,483156,05/05/1946,Rusia,09/05/1981
Sergei Kuznetsova,271546,19/01/1950,Rusia,23/09/1981
Ludmila Smirnova,548770,09/10/1964,Uzbekistán,21/12/1982
Olga Smirnova,107015,23/09/1947,Lituania,04/04/1983
Galina Volkov,288084,18/07/1967,Bielorrusia,13/07/1983
Ludmila Smirnova,833243,14/04/1963,Uzbekistán,18/05/1983
Irina Volkov,779841,27/06/1965,Rusia,23/12/1983
Galina Kuznetsova,352676,23/10/1960,Lituania,04/03/1983
Dmitri Sokolov,316175,25/11/1957,Georgia,30/04/1982
Galina Romanova,380934,26/08/1942,Letonia,23/03/1983
Ludmila Kuznetsova,851644,12/04/1942,Ucrania,11/01/1983
Ivan Gagarin,457950,28/06/1958,Rusia,14/01/1983
Marina Smirnova,800544,11/04/1946,Azerbaiyán,31/12/1981
Anastasia Romanova,208042,01/03/1948,Letonia,27/06/1982
Tatiana Kuznetsova,208290,13/09/1960,Estonia,02/11/1982
Tatiana Orlova,494522,29/05/1965,Rusia,07/08/1981
Viktor Gagarin,177992,05/07/1943,Azerbaiyán,18/01/1983
Mikhail Sokolov,829520,29/04/1970,Azerbaiyán,23/03/1983
Dmitri Gagarin,908434,20/04/1968,Kazajistán,18/03/1981
Dmitri Kuznetsova,341740,12/02/1951,Azerbaiyán,07/12/1981
Dmitri Romanova,780225,03/11/1955,Lituania,09/04/1981
Dmitri Gagarin,720941,15/03/1949,Estonia,15/08/1983
Yuri Volkov,136478,12/04/1968,Estonia,04/11/1982
Andrei Gagarin,668550,28/05/1969,Ucrania,13/12/1983
Sergei Gagarin,174484,26/08/1956,Uzbekistán,15/05/1982
Nikolai Smirnova,314500,20/07/1940,Ucrania,08/10/1981
Yuri Ivanov,699698,31/12/1953,Bielorrusia,06/12/1982
Ivan Ivanov,777186,25/11/1948,Rusia,09/12/1981
Mikhail Petrov,843177,04/03/1962,Letonia,14/02/1983
Ekaterina Sokolov,395267,29/06/1942,Uzbekistán,02/08/1981
Tatiana Morozova,100976,10/05/1965,Uzbekistán,18/07/1983
Boris Romanova,102112,08/08/1940,Letonia,11/09/1982
Boris Smirnova,291433,10/11/1963,Letonia,29/07/1981
Galina Petrov,185281,04/01/1952,Lituania,03/12/1982
Nikolai Petrov,662414,05/12/1959,Georgia,23/06/1982
Alexei Volkov,304066,04/01/1969,Bielorrusia,24/09/1981
Boris Gagarin,284230,19/12/1959,Bielorrusia,09/09/1982
Natalia Smirnova,979750,26/10/1951,Georgia,08/02/1982
Nikolai Ivanov,523391,05/02/1951,Estonia,10/06/1983
Yuri Kuznetsova,355979,12/11/1948,Estonia,11/06/1983
Dmitri Sokolov,373755,05/09/1940,Georgia,17/04/1982
Boris Ivanov,187867,28/12/1947,Georgia,01/04/1981
Irina Volkov,365401,02/01/1944,Letonia,13/04/1981
Svetlana Orlova,564980,13/07/1942,Azerbaiyán,28/02/1983
Svetlana Volkov,326491,07/06/1954,Uzbekistán,26/09/1983
Viktor Gagarin,189782,11/09/1965,Ucrania,19/03/1983
Sergei Petrov,116332,22/12/1968,Azerbaiyán,01/06/1981
Boris Romanova,981112,08/05/1962,Ucrania,13/06/1983
Viktor Morozova,615339,19/06/1950,Georgia,08/07/1981
Viktor Kuznetsova,150457,11/07/1956,Azerbaiyán,18/01/1981
Irina Kuznetsova,915442,16/09/1961,Uzbekistán,10/07/1983
Boris Volkov,376470,07/05/1948,Estonia,25/06/1983
Dmitri Sokolov,560402,31/12/1965,Letonia,26/06/1983
Marina Sokolov,639568,10/12/1957,Georgia,29/07/1982
Ivan Gagarin,926734,27/09/1944,Bielorrusia,19/01/1982
Boris Smirnova,792098,17/11/1956,Lituania,04/09/1982
Andrei Romanova,290849,28/07/1964,Uzbekistán,05/07/1982
Svetlana Volkov,435603,17/06/1947,Georgia,10/08/1982
Alexei Kuznetsova,185745,19/09/1955,Azerbaiyán,03/01/1983
Nikolai Orlova,526627,27/03/1949,Azerbaiyán,08/11/1982
Mikhail Volkov,736428,16/12/1964,Rusia,02/03/1983
Nikolai Smirnova,353947,28/06/1967,Rusia,03/01/1981
Alexei Romanova,773368,28/04/1942,Bielorrusia,05/07/1983
Dmitri Romanova,207373,10/10/1951,Rusia,17/10/1983
Andrei Orlova,550198,13/04/1943,Letonia,03/06/1983
Nikolai Gagarin,472523,25/10/1960,Estonia,21/04/1983
Andrei Volkov,949773,13/10/1957,Georgia,01/07/1981
Nikolai Morozova,538929,14/06/1961,Rusia,07/05/1983
Yuri Sokolov,264883,05/06/1944,Georgia,04/02/1981
Galina Ivanov,175582,18/06/1970,Ucrania,30/04/1982
Ludmila Gagarin,451127,29/03/1968,Letonia,05/12/1982
Irina Morozova,454624,17/05/1945,Letonia,23/02/1982
Alexei Volkov,127740,12/09/1943,Ucrania,18/08/1982
Tatiana Smirnova,688609,05/10/1941,Kazajistán,17/05/1982
Ivan Romanova,957422,05/06/1940,Estonia,13/10/1981
Andrei Sokolov,936330,13/04/1962,Georgia,01/11/1982
Marina Kuznetsova,510728,21/08/1965,Ucrania,25/09/1982
Anastasia Volkov,713676,18/04/1963,Estonia,27/01/1983
Marina Ivanov,717034,02/09/1952,Lituania,16/06/1983
Dmitri Kuznetsova,721777,25/02/1958,Letonia,25/11/1981
Andrei Morozova,115430,12/11/1948,Georgia,28/07/1982
Ludmila Morozova,667030,29/11/1967,Letonia,11/04/1982
Nikolai Morozova,109788,12/02/1961,Bielorrusia,10/10/1981
Sergei Orlova,683337,25/01/1970,Letonia,09/02/1981
Ludmila Ivanov,914092,20/04/1948,Ucrania,19/03/1983
Tatiana Kuznetsova,720835,23/11/1944,Estonia,22/07/1983
Yuri Gagarin,971099,24/10/1944,Kazajistán,03/05/1983
Tatiana Romanova,205089,27/06/1944,Letonia,16/07/1983
Galina Volkov,279191,21/11/1948,Lituania,17/10/1982
Nikolai Volkov,651289,16/02/1964,Kazajistán,08/03/1983
Mikhail Ivanov,560589,14/01/1958,Letonia,18/07/1981
Viktor Gagarin,728265,04/02/1940,Bielorrusia,16/01/1983
Mikhail Smirnova,107682,19/01/1960,Georgia,20/08/1982
Olga Volkov,113870,01/11/1949,Georgia,22/06/1981
Svetlana Ivanov,696850,28/01/1966,Lituania,23/05/1982
Tatiana Gagarin,484573,26/11/1963,Kazajistán,30/04/1983
Andrei Orlova,670902,24/07/1967,Bielorrusia,10/04/1982
Andrei Volkov,256717,24/09/1943,Letonia,17/08/1981
Dmitri Smirnova,811639,12/10/1943,Bielorrusia,07/06/1983
Ekaterina Morozova,760442,18/07/1954,Azerbaiyán,09/10/1983
Anastasia Ivanov,718810,20/06/1949,Uzbekistán,10/01/1981
Alexei Orlova,647507,19/12/1950,Rusia,19/07/1983
Yuri Romanova,922910,07/08/1946,Estonia,02/06/1981
Alexei Gagarin,341237,25/12/1960,Georgia,15/04/1981
Mikhail Sokolov,436228,15/03/1968,Azerbaiyán,15/11/1983
Galina Kuznetsova,325945,06/08/1960,Rusia,27/10/1981
Nikolai Smirnova,772686,18/05/1946,Azerbaiyán,31/12/1983
Marina Smirnova,324959,06/08/1970,Uzbekistán,02/03/1981
Viktor Gagarin,361624,31/07/1965,Letonia,21/06/1983
Alexei Volkov,503826,01/02/1957,Kazajistán,26/04/1982
Mikhail Orlova,193388,02/01/1944,Azerbaiyán,23/10/1981
Marina Kuznetsova,837250,26/09/1942,Estonia,01/08/1983
Andrei Kuznetsova,415083,14/01/1950,Georgia,05/01/1983
Mikhail Sokolov,242213,19/01/1957,Uzbekistán,24/01/1981
Olga Kuznetsova,592872,04/10/1963,Azerbaiyán,24/07/1983
Ludmila Ivanov,977483,04/08/1948,Georgia,14/05/1981
Viktor Gagarin,294945,16/04/1966,Estonia,16/12/1982
Anastasia Orlova,404079,16/04/1956,Rusia,20/12/1981
Sergei Morozova,565378,01/11/1942,Lituania,02/10/1981
Anastasia Ivanov,449789,29/10/1969,Lituania,12/12/1982
Sergei Orlova,878304,08/11/1954,Uzbekistán,08/09/1983
Ivan Volkov,711743,06/05/1952,Letonia,30/04/1983
Olga Smirnova,759660,27/12/1961,Rusia,23/07/1982
Sergei Sokolov,913130,14/02/1962,Letonia,11/04/1983
Yuri Smirnova,888000,13/09/1955,Lituania,06/02/1982
Ekaterina Morozova,804357,23/01/1953,Bielorrusia,22/09/1982
Marina Kuznetsova,240677,23/04/1940,Bielorrusia,26/07/1982
Ekaterina Orlova,214196,20/03/1966,Letonia,19/05/1981
Dmitri Kuznetsova,302562,31/01/1969,Letonia,26/09/1981
Galina Petrov,457612,10/02/1946,Lituania,07/02/1983
Alexei Smirnova,236028,29/03/1965,Uzbekistán,23/06/1983
Ivan Morozova,632475,14/05/1962,Bielorrusia,29/04/1982
Galina Volkov,290442,08/01/1965,Letonia,03/10/1981
Andrei Ivanov,795949,08/04/1967,Rusia,14/11/1981
Nikolai Romanova,348778,03/03/1965,Kazajistán,30/07/1983
Natalia Kuznetsova,959329,08/05/1947,Uzbekistán,04/04/1981
Olga Gagarin,945789,13/05/1951,Azerbaiyán,14/11/1983
Tatiana Petrov,442936,26/10/1965,Bielorrusia,10/05/1981
Tatiana Romanova,150680,10/08/1940,Kazajistán,30/07/1983
Ivan Romanova,668189,29/01/1954,Uzbekistán,14/07/1981
Dmitri Romanova,234486,13/03/1942,Lituania,06/03/1981
Boris Smirnova,278155,09/01/1945,Lituania,24/05/1982
Dmitri Ivanov,249782,18/01/1955,Ucrania,27/01/1983
Dmitri Gagarin,488299,28/04/1940,Rusia,10/08/1981
Dmitri Morozova,249351,23/09/1945,Rusia,26/12/1983
Boris Morozova,283252,23/06/1954,Azerbaiyán,14/07/1983
Ludmila Morozova,131441,10/04/1950,Letonia,26/02/1982
Boris Sokolov,385097,05/10/1955,Lituania,08/04/1982
Tatiana Gagarin,822610,28/12/1944,Lituania,18/04/1983
Marina Romanova,997095,18/10/1947,Lituania,13/06/1983
Boris Volkov,248428,20/12/1950,Kazajistán,03/12/1982
Anastasia Sokolov,502041,28/10/1953,Azerbaiyán,21/05/1983
Andrei Romanova,169222,17/08/1944,Estonia,01/06/1981
Mikhail Romanova,412187,24/10/1961,Rusia,02/07/1982
Ekaterina Ivanov,289856,29/10/1945,Kazajistán,25/12/1981
Mikhail Petrov,544830,12/01/1950,Lituania,02/02/1982
Viktor Petrov,971720,31/12/1941,Letonia,02/01/1982
Marina Petrov,365605,07/05/1959,Georgia,12/10/1983
Galina Petrov,499097,03/04/1953,Azerbaiyán,30/03/1982
Ivan Sokolov,386357,12/12/1955,Letonia,31/12/1981
Natalia Smirnova,195677,08/08/1958,Georgia,25/08/1981
Irina Romanova,729624,12/11/1960,Ucrania,18/07/1982
Tatiana Sokolov,165239,30/04/1945,Bielorrusia,30/04/1983
Ekaterina Smirnova,184670,24/03/1957,Uzbekistán,24/01/1982
Boris Orlova,104955,14/01/1955,Georgia,24/03/1983
Marina Kuznetsova,183533,15/12/1959,Azerbaiyán,19/08/1982
Alexei Kuznetsova,459052,01/06/1956,Lituania,09/02/1981
Natalia Romanova,592159,23/08/1960,Estonia,29/01/1981
Marina Romanova,783488,03/09/1969,Uzbekistán,16/06/1983
Viktor Smirnova,859980,18/03/1958,Georgia,14/12/1983
Tatiana Ivanov,715641,14/10/1946,Georgia,03/09/1981
Ivan Gagarin,842814,28/03/1962,Estonia,28/01/1982
Mikhail Ivanov,529876,22/01/1946,Azerbaiyán,15/08/1983
Natalia Smirnova,611430,19/07/1942,Ucrania,20/11/1983
Ludmila Orlova,376433,29/12/1949,Uzbekistán,23/03/1982
Marina Sokolov,636476,14/07/1962,Azerbaiyán,03/03/1981
Yuri Orlova,711927,15/01/1942,Estonia,07/03/1983
Dmitri Sokolov,834672,17/05/1953,Georgia,08/06/1982
Yuri Gagarin,944902,04/03/1950,Estonia,20/11/1981
Yuri Ivanov,628481,25/05/1949,Rusia,22/07/1983
Dmitri Romanova,121245,18/10/1949,Kazajistán,10/04/1982
Irina Kuznetsova,651833,22/01/1945,Rusia,27/12/1983
Marina Kuznetsova,509515,21/03/1955,Kazajistán,28/01/1983
Ivan Orlova,911804,29/09/1965,Lituania,17/10/1981
Viktor Gagarin,408817,08/07/1941,Rusia,01/03/1983
Mikhail Smirnova,842867,19/01/1942,Rusia,25/05/1982
Olga Volkov,348732,30/06/1958,Letonia,23/12/1983
Alexei Kuznetsova,996278,24/02/1959,Kazajistán,15/02/1981
Svetlana Petrov,614630,22/08/1942,Bielorrusia,30/01/1982
Marina Smirnova,660641,14/10/1954,Rusia,04/06/1982
Galina Morozova,573882,20/08/1958,Uzbekistán,14/10/1983
Olga Volkov,218288,20/02/1952,Kazajistán,19/01/1983
Ivan Romanova,813092,17/03/1969,Uzbekistán,22/07/1981
Ludmila Ivanov,441572,12/03/1944,Ucrania,27/01/1981
Mikhail Orlova,863080,07/09/1966,Ucrania,29/05/1983
Sergei Kuznetsova,464999,06/04/1956,Letonia,11/08/1982
Andrei Gagarin,235707,26/04/1967,Uzbekistán,19/05/1981
Mikhail Morozova,892916,09/05/1960,Bielorrusia,13/02/1982
Ivan Gagarin,234511,04/08/1950,Bielorrusia,06/06/1982
Viktor Kuznetsova,881609,02/07/1956,Azerbaiyán,16/03/1983
Nikolai Romanova,122654,06/09/1949,Estonia,30/10/1982
Viktor Petrov,505073,21/04/1967,Uzbekistán,30/06/1981
Sergei Ivanov,312755,25/11/1964,Georgia,14/05/1981
Alexei Ivanov,431810,23/04/1951,Bielorrusia,25/04/1981
Andrei Kuznetsova,791453,31/10/1970,Kazajistán,24/04/1983
Yuri Smirnova,249034,06/03/1954,Rusia,21/07/1981
Galina Ivanov,802268,20/09/1953,Estonia,09/07/1983
Ekaterina Sokolov,905828,07/11/1942,Lituania,02/06/1982
Irina Gagarin,564326,30/01/1969,Letonia,07/07/1983
Yuri Sokolov,370829,19/03/1959,Uzbekistán,24/12/1983
Mikhail Ivanov,680567,30/05/1940,Rusia,19/09/1983
Anastasia Morozova,106630,24/01/1958,Bielorrusia,03/12/1983
Nikolai Kuznetsova,137802,01/01/1944,Uzbekistán,05/02/1981
Svetlana Morozova,824914,15/07/1955,Ucrania,05/06/1981
Mikhail Sokolov,481598,14/11/1940,Bielorrusia,25/05/1982
Ludmila Romanova,200209,09/02/1957,Estonia,03/03/1983
Sergei Sokolov,849776,18/04/1943,Lituania,21/09/1983
Ludmila Volkov,237022,25/07/1967,Letonia,25/05/1981
Mikhail Ivanov,307804,26/12/1953,Azerbaiyán,14/01/1982
Ekaterina Ivanov,764461,21/04/1958,Georgia,20/02/1982
Natalia Kuznetsova,181238,18/12/1970,Uzbekistán,08/06/1982
Andrei Smirnova,111519,17/10/1951,Uzbekistán,08/09/1982
Olga Smirnova,318661,22/12/1964,Rusia,01/06/1983
Svetlana Sokolov,565885,15/01/1951,Bielorrusia,10/09/1981
Irina Gagarin,705140,18/01/1957,Estonia,28/08/1983
Ivan Orlova,159286,01/07/1970,Rusia,10/07/1983
Yuri Volkov,110395,01/01/1946,Bielorrusia,21/03/1981
Sergei Morozova,624926,12/12/1944,Azerbaiyán,03/04/1982
Tatiana Smirnova,477554,03/12/1945,Letonia,16/02/1982
Irina Sokolov,476111,27/01/1943,Georgia,12/07/1982
Olga Romanova,691238,11/05/1951,Ucrania,06/12/1981
Andrei Sokolov,558626,22/03/1957,Bielorrusia,18/02/1983
Ekaterina Gagarin,874138,09/07/1959,Bielorrusia,04/09/1981
Marina Ivanov,767273,20/05/1964,Kazajistán,14/11/1982
Nikolai Ivanov,964162,04/09/1946,Georgia,15/09/1983
Anastasia Morozova,227814,25/01/1964,Kazajistán,07/08/1983
Ekaterina Morozova,488629,09/05/1970,Estonia,10/12/1981
Galina Kuznetsova,499603,15/12/1966,Estonia,05/02/1981
Ekaterina Petrov,757727,12/04/1962,Bielorrusia,17/05/1982
Olga Sokolov,523843,07/09/1943,Georgia,23/02/1983
Viktor Romanova,517233,15/06/1970,Bielorrusia,12/10/1983
Dmitri Sokolov,786790,03/11/1951,Rusia,18/12/1983
Dmitri Smirnova,577921,18/08/1946,Ucrania,14/08/1981
Tatiana Morozova,624705,10/04/1955,Estonia,24/08/1983
Dmitri Romanova,189371,20/07/1969,Letonia,09/12/1982
Ludmila Volkov,790508,08/11/1943,Rusia,21/07/1981
Mikhail Morozova,319596,05/06/1947,Kazajistán,21/11/1983
Ekaterina Ivanov,372312,18/11/1970,Ucrania,02/02/1982
Andrei Petrov,581653,15/07/1962,Letonia,12/05/1981
Marina Morozova,855041,11/03/1954,Uzbekistán,04/12/1983
Mikhail Smirnova,776468,16/08/1945,Bielorrusia,29/05/1981
Ivan Smirnova,648336,28/07/1967,Ucrania,17/04/1982
Viktor Orlova,951727,09/08/1970,Uzbekistán,11/01/1983
Mikhail Morozova,629261,16/02/1966,Azerbaiyán,05/03/1982
Nikolai Volkov,174111,30/11/1940,Kazajistán,08/09/1983
Ekaterina Petrov,305682,23/10/1960,Estonia,24/01/1981
Nikolai Orlova,319383,22/03/1954,Azerbaiyán,16/12/1983
Irina Romanova,156638,16/12/1965,Georgia,03/12/1983
Yuri Volkov,491398,08/10/1963,Georgia,29/08/1981
Dmitri Ivanov,280729,08/06/1943,Rusia,05/02/1983
Nikolai Orlova,957649,15/04/1943,Kazajistán,30/09/1981
Galina Smirnova,370228,26/01/1956,Estonia,10/10/1982
Svetlana Orlova,417593,01/06/1956,Ucrania,26/01/1982
Boris Romanova,178825,25/07/1941,Azerbaiyán,11/07/1983
Yuri Smirnova,708422,03/05/1958,Georgia,11/03/1981
Viktor Morozova,571059,12/05/1954,Bielorrusia,10/09/1983
Ivan Ivanov,580520,27/12/1949,Letonia,18/01/1981
Boris Volkov,754512,15/02/1945,Lituania,15/09/1982
Boris Petrov,570982,21/06/1963,Georgia,05/11/1982
Ludmila Ivanov,224339,31/08/1957,Bielorrusia,18/07/1981
Irina Volkov,921275,05/03/1965,Georgia,22/10/1982
Marina Volkov,122254,29/08/1950,Letonia,10/09/1982
Boris Volkov,903793,10/07/1944,Ucrania,19/04/1981
Nikolai Morozova,359855,19/01/1955,Uzbekistán,10/04/1983
Olga Sokolov,152285,14/07/1959,Georgia,04/01/1982
Alexei Romanova,438070,13/08/1942,Lituania,26/05/1983
Ivan Kuznetsova,742632,10/07/1952,Estonia,03/08/1982
Dmitri Smirnova,207040,05/02/1940,Ucrania,13/11/1981
Galina Smirnova,749050,01/09/1945,Lituania,22/12/1981
Mikhail Morozova,634154,19/02/1950,Azerbaiyán,05/12/1981
Yuri Sokolov,531335,24/09/1970,Letonia,11/12/1981
Irina Romanova,857427,07/06/1949,Bielorrusia,30/11/1983
Ivan Kuznetsova,581143,30/12/1946,Kazajistán,30/12/1983
Irina Gagarin,420718,22/04/1941,Letonia,07/12/1982
Boris Sokolov,873139,01/05/1970,Lituania,30/05/1982
Olga Volkov,520298,04/11/1961,Lituania,17/11/1981
Boris Romanova,570306,06/09/1969,Estonia,04/04/1981
Anastasia Ivanov,577698,19/04/1947,Ucrania,01/10/1982
Yuri Romanova,803381,26/10/1945,Georgia,12/10/1982
Ekaterina Kuznetsova,657971,28/02/1954,Rusia,13/04/1982
Irina Sokolov,165962,06/04/1963,Ucrania,25/09/1983
Ludmila Ivanov,574248,18/12/1969,Lituania,17/06/1982
Mikhail Volkov,867939,15/11/1954,Bielorrusia,07/04/1981
Tatiana Gagarin,273034,04/11/1963,Azerbaiyán,26/08/1983
Viktor Ivanov,698768,08/01/1940,Ucrania,10/05/1982
Alexei Volkov,425263,26/11/1960,Kazajistán,07/08/1982
Dmitri Sokolov,839952,07/07/1961,Azerbaiyán,12/09/1983
Svetlana Ivanov,199530,09/03/1949,Bielorrusia,11/04/1982
Irina Sokolov,751232,06/01/1944,Lituania,30/07/1981
Boris Gagarin,799670,02/03/1950,Estonia,02/01/1982
Marina Sokolov,373507,02/04/1962,Ucrania,24/03/1982
Marina Sokolov,599964,21/07/1969,Ucrania,06/08/1983
Yuri Sokolov,797898,15/01/1968,Georgia,03/10/1982
Andrei Kuznetsova,459206,18/04/1968,Letonia,15/02/1983
Natalia Sokolov,749342,08/04/1961,Georgia,29/03/1981
Sergei Smirnova,708911,16/12/1946,Lituania,01/07/1982
Olga Kuznetsova,451711,28/10/1941,Rusia,18/10/1982
Natalia Gagarin,825006,06/06/1952,Letonia,24/12/1982
Andrei Volkov,796492,16/12/1968,Uzbekistán,22/11/1983
Boris Kuznetsova,414672,30/03/1963,Lituania,13/03/1983
Sergei Orlova,871473,22/06/1944,Georgia,16/12/1983
Sergei Morozova,317281,08/04/1940,Ucrania,11/04/1981
Alexei Ivanov,978181,24/12/1945,Letonia,16/12/1983
Dmitri Sokolov,788357,05/02/1942,Letonia,31/05/1981
Sergei Kuznetsova,358601,11/02/1955,Bielorrusia,13/11/1981
Andrei Ivanov,596498,10/07/1958,Estonia,22/01/1982
Irina Kuznetsova,519142,03/08/1950,Uzbekistán,14/12/1983
Tatiana Romanova,616171,28/08/1957,Letonia,14/12/1983
Nikolai Volkov,484653,29/06/1967,Rusia,28/03/1982
Tatiana Petrov,271894,13/11/1964,Estonia,11/11/1982
Ekaterina Orlova,341201,26/02/1952,Estonia,18/07/1981
Yuri Petrov,905481,07/07/1959,Bielorrusia,09/11/1983
Marina Morozova,783696,18/07/1957,Estonia,09/09/1982
Ekaterina Orlova,131205,06/11/1953,Kazajistán,11/07/1983
Boris Volkov,377429,04/01/1959,Azerbaiyán,02/09/1982
Anastasia Volkov,719010,21/07/1946,Georgia,26/02/1981
Mikhail Orlova,611800,03/10/1967,Estonia,12/08/1983
Mikhail Sokolov,942204,01/05/1962,Ucrania,26/08/1983
