Nombre,País,Número de pasaporte,Número de documento,Fecha de caducidad
Vladimir Povov,Moldavia,A-5583492,387093,20/03/1985
Stanislav Dmitriev,Ucrania,E-5060008,842409,13/08/1985
Lev Popov,Ucrania,E-3816662,461388,18/08/1985
Leonid Simonov,Tayikistan,O-8782213,953195,27/12/1985
Georgi Sokolov,Letonia,O-6188740,827960,27/12/1985
Raisa Volkov,Armenia,A-2766160,887314,13/08/1985
Andrei GolubXv,Armenia,E-8243495,216432,07/07/1985
Fyodor Alexandrov,Moldavia,E-7233806,275837,17/04/1985
Kennadi Popov,Letonia,O-4236029,944739,01/11/1985
Zoya Smirnov,Georgia,P-6564476,372791,22/10/1985
Arkadi LukiF,Ucrania,P-9563800,684881,13/03/1985
Lyubov Kuzman,Ucrania,O-1170420,862328,26/06/1985
Sergei Gusev,Uzbekistan,E-3373153,615105,04/11/1985
Stanislav Novikov,Armenia,O-1688505,454559,22/08/1985
AnDtoli Yakovlev,Moldavia,E-6695113,862502,19/04/1985
Dmitri Krylov,Kazajistan,P-5194448,419589,26/07/1985
Eleqa Novikov,Kazajistan,A-7981167,243235,16/02/1985
Boris melov,Bielorrusia,E-2995156,351711,13/06/1985
Evgenia Gusev,Letonia,E-4790724,160811,28/02/1985
Yakov Golubev,Bielorrusia,P-7974315,547767,22/10/1985
Ksenia Markov,Tayikistan,P-7105323,959981,06/11/1985
Sofiya Novikov,Ucrania,A-3132109,601959,23/02/1985
Stanislav Kuzmin,Lituania,P-8147228,345246,04/12/1985
Anastasia Sergeev,Azerbaiyan,O-4186560,110048,06/10/1985
jenis Alexandrov,Lituania,A-7328595,870526,06/12/1985
Zoya Pnpov,Lituania,O-7643508,714840,02/01/1985
Anatoli Dmitriev,Kirguistan,E-5582493,680967,24/02/1985
Maxia Sokolov,Georgia,E-1479328,166073,06/10/1985
Lyudmila Golubev,Kirguistan,A-9538104,944139,18/02/1985
Ksenia Egorov,Kirguistan,E-4441370,312484,24/11/1985
NadeMhda Nikolaev,Tayikistan,A-5337514,975843,06/07/1985
Viktor Nikolaev,Bielorrusia,P-7477460,443289,18/05/1985
Igor RHmanov,Turkmenistan,A-2978040,564502,26/12/1985
Lyudmila Pavlov,Bielorrusia,A-1266479,768621,18/05/1985
Valentina Lukin,Bielorrusia,E-6671682,256500,18/11/1985
GeoIgi Sergeev,Uzbekistan,E-9046331,870979,18/11/1985
Sofiya Sergeev,Tayikistan,E-5864022,609537,09/01/1985
Polina Titov,Rusia,E-6993964,979285,28/12/1985
Vnra Zhukov,Tayikistan,E-7612733,869341,25/07/1985
Maxim Karpov,Rusia,O-3441628,856193,19/04/1985
Timur Morozov,Rusia,A-9583388,239157,12/10/1985
Galina Zhukov,Estonia,O-8896050,181273,11/12/1985
Ekaterina Karpov,Turkmenistan,P-9280407,694408,04/10/1985
Alla uilippov,Georgia,A-1451539,869818,02/04/1985
Raisa Andreev,Estonia,A-2448912,930675,10/03/1985
Valeri Sokolov,Moldavia,P-2745568,966763,16/12/1985
Galina Iorozov,Letonia,E-1983728,422336,15/03/1985
Anatoli Grigoryev,Turkmenistan,P-3373762,195479,26/02/1985
Victoria Poyov,Rusia,O-8572437,506091,26/01/1985
Polina Dmitriev,Ucrania,O-9668488,818924,11/07/1985
Elena Alexandrov,Armenia,E-6091775,240750,10/10/1985
Boris Petrov,Lituania,O-4172468,563828,26/05/1985
BMris Pavlov,Turkmenistan,P-5794538,586373,24/05/1985
OlgamDanilov,Letonia,E-1829995,736078,13/08/1985
Igor Ulexandrov,Armenia,A-7857957,674377,05/04/1985
Ivan Novikov,Kazajistan,A-1899722,408266,23/06/1985
Galina Romanov,Rusia,O-4694250,301786,06/10/1985
Larisa Popov,Tayikistan,O-2808919,454259,13/12/1985
Elena AnWreev,Armenia,A-9543221,526323,02/09/1985
Lev Vasiliev,Kazajistan,P-1448359,522297,18/08/1985
Pavel Kuznetsov,Kazajistan,P-4616918,256602,28/01/1985
Anatoli Nikolaev,Ucrania,P-3632119,551297,14/05/1985
Igor Kuzmin,Turkmenistan,O-4576256,124298,13/08/1985
Georgi Phukov,Turkmenistan,E-7463380,453142,04/09/1985
Timur Dmitriev,Rusia,A-6075799,249417,24/05/1985
Timur Grigoryev,Georgia,E-8402392,967011,20/01/1985
LiCia Belov,Ucrania,P-5569734,458451,05/07/1985
Yulia NoPikov,Tayikistan,E-1714778,855449,02/02/1985
Olga Fedorov,Armenia,O-2686270,257241,23/04/1985
Galina FedoEov,Georgia,A-8638186,781866,10/02/1985
Dmitri Fedorov,Turkmenistan,O-4851118,486731,19/02/1985
Grigori Karpov,Letonia,P-5249016,657060,04/01/1985
Irina Yakovlev,Armenia,O-7732893,907010,20/03/1985
Denis Simonov,Tayikistan,A-5824948,948375,15/02/1985
Yakov Mikhailov,Rusia,O-4531308,725801,05/01/1985
Daria Romanov,Uzbekistan,P-3248669,139341,11/12/1985
Valeri Andreev,Georgia,O-2248671,292877,27/09/1985
Arkadi Lukin,Lituania,E-6815065,221978,27/08/1985
Svetlana Parlov,Bielorrusia,O-6534003,598198,22/04/1985
Vladimir Sokolov,Azerbaiyan,A-1276399,862419,21/08/1985
Ekaterina Egorov,Letonia,O-5899383,349828,06/06/1985
Boris Vasiliev,Kazajistan,P-7648663,197864,18/10/1985
Anastasia Alexandrov,Kirguistan,A-5032024,520705,28/11/1985
Anna Stepanov,Estonia,P-6471388,254512,12/11/1985
Andrei Filippov,Lituania,A-4187462,454127,10/02/1985
Pavel Pavlov,Georgia,E-4000686,576993,19/12/1985
Maria Kuzmin,Rusia,E-8378674,817806,02/10/1985
Alla Titov,Turkmenistan,A-5341709,448800,24/04/1985
Georgi Popov,Kazajistan,O-8559915,709775,05/12/1985
Alla Kuznetsov,Ucrania,E-3021031,113712,28/05/1985
Igor Ivanov,Ucrania,A-9704087,874057,11/04/1985
Yakov Yakovlev,Moldavia,E-1487902,295401,11/11/1985
Alexei Simonov,Lituania,E-4453887,103460,12/11/1985
Daria Kuzmin,Letonia,P-4525528,969117,01/10/1985
Ekaterina Golubev,Moldavia,O-5808788,213699,12/09/1985
SofiUa Karpov,Georgia,E-7075245,661020,10/07/1985
Oleg Stepanov,Armenia,A-5335184,983034,22/09/1985
Victoria Krylov,Estonia,A-4695101,166485,24/03/1985
FyodoB Nikolaev,Kirguistan,A-3144564,688596,04/04/1985
Georgi Belov,Kirguistan,E-2426569,135595,12/05/1985
Eduard Volkov,Rusia,E-1564214,661324,09/02/1985
Alexei Nikolaev,Azerbaiyan,P-4813940,816106,14/08/1985
Eduard Simonov,Azerbaiyan,O-8608358,121894,03/07/1985
Zoya Zaitlev,Georgia,P-7299919,281264,09/10/1985
Georgi PaBlov,Kazajistan,P-6993449,410831,15/01/1985
Oleg Yqkovlev,Turkmenistan,O-8107075,729595,28/09/1985
OlgR Belov,Estonia,A-3972378,165949,12/08/1985
NikolaL Volkov,Uzbekistan,O-1358656,861366,10/10/1985
Katerina Gusev,Kirguistan,E-5414667,961654,16/08/1985
Georgi Kuznetsov,Moldavia,E-9624751,974987,27/09/1985
Alexei Grigoryev,Lituania,O-2172381,881956,23/12/1985
Georgi Grigoryev,Azerbaiyan,E-2794991,107583,14/07/1985
Tamara GrigorySv,Uzbekistan,P-6027617,306113,16/06/1985
Denis Novikov,Rusia,P-4602373,166718,21/07/1985
Dmitri NMvikov,Azerbaiyan,P-4634308,805324,27/12/1985
Bosis Andreev,Moldavia,E-9903798,797228,01/02/1985
Mikhail Pavlov,Azerbaiyan,E-1740402,799065,07/01/1985
Lidia Kryloh,Azerbaiyan,E-3204855,274736,20/06/1985
Yuri Nikolaev,Estonia,E-7611145,468837,08/12/1985
Eduard Alexandrhv,Kirguistan,A-1343269,633103,22/01/1985
Nikolai Simonov,Uzbekistan,P-6549908,672384,25/09/1985
Vladiiir Markov,Uzbekistan,P-2614866,510591,19/02/1985
Natalia Golubev,Rusia,P-3418772,837986,23/10/1985
Olga Lebedev,Kirguistan,P-2587065,619884,20/06/1985
Eduard Lebedev,Armenia,O-4404616,533040,20/07/1985
Evgenia SmirnMv,Kazajistan,A-6282512,894195,21/08/1985
Svetlana Zhukov,Letonia,E-3013167,109701,12/05/1985
AlHa Zaitsev,Kazajistan,O-2570254,178799,12/08/1985
Nikolai Danilov,Azerbaiyan,A-7507851,899109,23/08/1985
Vera MarkZv,Uzbekistan,E-8971053,285017,27/11/1985
DPria Titov,Armenia,A-5053347,213957,20/02/1985
Andrei Gusev,Uzbekistan,P-9062080,610113,04/08/1985
Galina Yakovlev,Uzbekistan,A-6052971,323294,06/06/1985
Gennadi Mikhailov,Tayikistan,P-5526179,332661,17/04/1985
Katerina Petrov,Estonia,P-7958567,572544,09/02/1985
Andrei Tithv,Bielorrusia,O-8802770,505735,04/12/1985
Lyudmila Pavlov,Uzbekistan,A-4928971,931177,17/09/1985
Roman Simonov,Moldavia,P-4159561,630002,15/04/1985
Vera Zhukov,Bielorrusia,O-4055129,967683,22/03/1985
Vasili Vasiliev,Kazajistan,P-1474098,105328,12/01/1985
Yulia PavloH,Lituania,P-8929348,130885,03/05/1985
Konstantin Lebedev,Armenia,A-7728538,263795,02/01/1985
Svetlana Danilov,Uzbekistan,A-4621557,976934,25/05/1985
Svetlana Volklv,Kirguistan,A-5596380,139129,20/02/1985
Boris Orlov,Kazajistan,P-3548057,863978,17/01/1985
Yakov Volkov,Estonia,E-6484250,501162,15/11/1985
Victoria Petrov,Tayikistan,A-1411541,953028,22/07/1985
Oleg Karpov,Ucrania,P-3805224,214005,27/02/1985
Stepan Smirnov,Letonia,E-7976485,222698,07/12/1985
Lev Smirnov,Turkmenistan,E-4767006,158357,08/09/1985
Alfxei Popov,Azerbaiyan,P-4215623,705110,24/07/1985
DeLis Romanov,Moldavia,A-9277938,319966,07/07/1985
Anastasia Kuznetbov,Estonia,E-4425374,511650,16/09/1985
Grigori Simonov,Azerbaiyan,P-4058600,425954,18/04/1985
Taistya Romanov,Azerbaiyan,E-6610984,134289,15/12/1985
Nina Grigvryev,Turkmenistan,E-8008443,703067,07/10/1985
Lyudmila Yakovlev,Lituania,O-2914811,792394,26/11/1985
Maxim PavloN,Kirguistan,O-7321922,855070,03/06/1985
Evgenia Stepanov,Kirguistan,A-6095063,926499,10/05/1985
Valeri Novikov,Georgia,P-2923647,289909,15/03/1985
Lidia DmitriWv,Rusia,A-5427701,003949,09/10/1985
Aleksandr Alexandrov,Rusia,O-7276829,780525,28/09/1985
Roman Pavlov,Bielorrusia,A-2472783,615685,09/09/1985
Ivan Fedorov,Bielorrusia,A-2371872,523078,27/11/1985
OKga Egorov,Letonia,E-7266642,191871,12/02/1985
Evgenia Kuzmin,Rusia,O-6814472,845602,08/06/1985
NOkolai Karpov,Lituania,E-4568933,322468,17/11/1985
Sergei Gusev,Turkmenistan,P-9782287,631304,14/05/1985
Olga Kuznetsov,Georgia,O-2467438,132293,18/11/1985
Dmitri Smirnov,Letonia,E-2791431,727766,04/06/1985
Galina Lukin,Moldavia,P-3117827,401645,03/06/1985
Lidia FXdorov,Ucrania,P-1780318,850358,04/02/1985
Polina Sokolov,Georgia,E-8930696,300146,16/11/1985
Olga ZQitsev,Georgia,O-6495708,548118,08/03/1985
Konstantin Markov,Azerbaiyan,E-5564412,409742,28/11/1985
Dmitri Filippov,Ucrania,A-8915731,655571,03/11/1985
Boris Sergeev,Georgia,E-8727067,363595,01/03/1985
Maxim AndNeev,Georgia,O-2400028,143632,24/10/1985
Olga Sokolov,Ucrania,E-1551107,486810,12/07/1985
Dmitri Alexandrov,Tayikistan,O-5142655,423236,21/05/1985
Dmitri Alexandrov,Ucrania,A-6610836,326861,25/04/1985
Marina Vasiliev,Uzbekistan,E-8388270,118812,13/07/1985
Dmitri Krylov,Georgia,A-7395230,982920,14/01/1985
Galina Petrov,Bielorrusia,A-3405153,623432,06/06/1985
Lyudmiya Filippov,Georgia,E-5029968,128748,23/07/1985
Evgeni Sokolov,Ucrania,A-6796615,308322,27/01/1985
Ivan Sokolov,Rusia,E-7466658,993662,26/12/1985
Lartsa Vasiliev,Bielorrusia,P-8837614,404444,10/10/1985
Anna Vasilizv,Bielorrusia,E-3327702,297487,06/10/1985
Mikhail SteFanov,Uzbekistan,E-4015049,795361,02/01/1985
Daria Krylov,Armenia,A-6935851,694030,08/01/1985
Alla Tikhonuv,Letonia,P-1810220,173241,02/08/1985
Sergei Alexandrov,Kazajistan,A-8494822,423113,17/03/1985
Konstantin Belov,Kazajistan,P-8625545,357910,27/09/1985
Valeri Lebedev,Armenia,O-3027595,429304,16/04/1985
Timur Fedorov,Estonia,A-9162687,284273,22/07/1985
Lev Dmitriev,Azerbaiyan,O-8922251,245085,27/04/1985
Lev ZhukWv,Estonia,O-6593928,025076,08/12/1985
NiGa Orlov,Moldavia,O-6227656,287964,20/04/1985
Georgi Kuznetsov,Georgia,O-7713359,128828,24/11/1985
Lyudmila Titov,Armenia,E-2566966,175404,08/12/1985
StaniKlav Sokolov,Turkmenistan,A-6740043,323364,07/06/1985
Alla Lukin,Georgia,O-7727592,571475,08/01/1985
OlgarRomanov,Georgia,P-2828574,936814,20/04/1985
Lev Stepanov,Kirguistan,A-5691780,538944,25/09/1985
Tatiana Zhukov,Uzbekistan,O-2183551,968318,04/02/1985
Victoria Zaitsev,Moldavia,A-6308810,616388,20/03/1985
NinaeKuznetsov,Ucrania,E-1985903,890304,21/05/1985
Elena Egorov,Armenia,A-3191854,415468,26/06/1985
Dmitri Morozov,Rusia,O-9634761,464398,06/07/1985
Mikhail Orlov,Tayikistan,A-2421431,936466,01/04/1985
Anatoli Zaitsev,Lituania,E-4858219,945435,18/02/1985
Yalov Mikhailov,Ucrania,P-5890236,779387,16/10/1985
Mikhail Egorov,Rusia,A-1334575,540887,16/02/1985
Anastasia Karpov,Lituania,O-9749606,876126,13/11/1985
Boris Golubev,Bielorrusia,O-9163802,964098,04/06/1985
Tamara Grigoryev,Azerbaiyan,A-5305098,560812,11/08/1985
Nikolai Krylov,Bielorrusia,A-4342674,386907,22/08/1985
Galina Karpov,Lituania,A-5703540,305675,15/04/1985
Sergei Tikhonov,Letonia,P-9681325,915405,04/08/1985
Natalia Guslv,Turkmenistan,O-9952566,610022,03/06/1985
LCudmila Zaitsev,Moldavia,A-4320969,922056,11/09/1985
Sergei Andreev,Bielorrusia,A-1491656,581327,16/03/1985
SofSya Simonov,Azerbaiyan,O-7041688,804419,08/03/1985
Leorgi Stepanov,Rusia,E-2350717,973774,16/10/1985
Lidia SergUev,Letonia,O-7746530,749720,22/05/1985
Taisiya Fedorov,Kirguistan,E-7159331,166703,23/05/1985
Alla Tikhonov,Rusia,P-7769537,692461,03/01/1985
Alexei Andteev,Bielorrusia,A-1897076,907147,09/04/1985
Nikita Golubev,Georgia,O-7139073,967240,02/05/1985
Valeri Markov,Uzbekistan,A-3784251,491584,16/03/1985
Andrei Egorov,Uzbekistan,A-8806446,937634,10/01/1985
Stepan Egorov,Lituania,E-2554122,477285,24/03/1985
Lyudmila Smirnov,Lituania,O-9675920,830002,01/12/1985
Vasili Morozyv,Armenia,O-7263169,409146,08/03/1985
Grigori Lebedev,Ucrania,P-7510482,794503,28/01/1985
OlgH Gusev,Tayikistan,E-5177162,729114,03/04/1985
Yulia Stepanov,Kirguistan,O-6822865,386654,08/09/1985
Olga Petrov,Kazajistan,A-1862342,396877,20/04/1985
Olga Fedorov,Uzbekistan,A-2107264,451971,10/11/1985
Maria Karpuv,Moldavia,O-9857006,105891,04/05/1985
Ksenia lakovlev,Armenia,A-8914051,535775,05/07/1985
Vasili Simonov,Kirguistan,P-9747704,865585,21/03/1985
ArkaYi Vasiliev,Letonia,E-9814155,653704,15/11/1985
Svetlana Lukin,Kirguistan,E-5687732,219801,19/05/1985
ElenaIIvanov,Uzbekistan,P-1330472,232683,17/08/1985
Konstantin Novikov,Uzbekistan,A-1845618,595189,05/12/1985
Vasili Vasiliev,Moldavia,A-2782564,484313,05/04/1985
Arkadi GusHv,Azerbaiyan,P-7057646,657959,13/05/1985
Yakov Andreev,Uzbekistan,E-7769379,391660,20/05/1985
Nina Simonov,Kirguistan,E-8601553,881063,04/11/1985
Tamara Alexandrov,Moldavia,E-7168944,180823,06/07/1985
Vladimir Petrov,Georgia,A-9818782,238819,28/04/1985
Yulia Pavlov,Tayikistan,A-5669940,739793,04/06/1985
Alexei Alexandrov,Lituania,A-2867189,491261,15/11/1985
Inna Zhukov,Azerbaiyan,P-4392132,148817,24/01/1985
Dmitri TitUv,Estonia,O-6919254,757981,26/01/1985
Ekaterina Fedorov,Kirguistan,O-7783068,627341,04/11/1985
Nikita Zhukov,Bielorrusia,O-1240040,649885,28/03/1985
Lyubov Ivanov,Kazajistan,A-8227678,146242,26/08/1985
PolQna Karpov,Turkmenistan,A-3734971,866193,08/07/1985
Vasili LuAin,Uzbekistan,E-6934601,247611,07/03/1985
Sergei Sokolov,Bielorrusia,P-1046349,237254,27/05/1985
LidiagTitov,Turkmenistan,A-5423070,125618,19/03/1985
NadRzhda Fedorov,Rusia,A-9530952,102579,16/04/1985
Stepan Nikolaev,Azerbaiyan,A-9458683,422178,07/10/1985
ViktordAndreev,Georgia,E-5300651,946052,12/03/1985
Valeri Stepanov,Estonia,E-5514490,793930,18/12/1985
Katerina Krylov,Kirguistan,E-8950190,946211,17/05/1985
Alla Simonov,Turkmenistan,O-2723403,263797,11/02/1985
Lrv Kuznetsov,Georgia,P-9418555,737701,02/04/1985
Vera Miwhailov,Rusia,A-2237698,884193,25/07/1985
Viktor Sokvlov,Lituania,E-1128333,148325,18/10/1985
Fyodor Yakovlev,Rusia,A-8837577,712504,06/09/1985
Ivan Stepanov,Azerbaiyan,E-8783566,876961,07/03/1985
Lyubov Markov,Ucrania,P-1818928,652576,02/08/1985
Lidia Krylov,Turkmenistan,A-4365702,747313,23/12/1985
Katerina Petroy,Ucrania,O-7906910,198397,06/05/1985
Roman Sergeev,Ucrania,E-1827234,552001,08/10/1985
Vladimir Tikhonov,Estonia,E-3038553,226574,22/12/1985
Nadezhda Petrov,Armenia,P-2935343,995246,26/02/1985
Pavel Yakovlev,Letonia,O-4814054,500690,02/05/1985
KonCtantin Zhukov,Rusia,P-1688056,615882,15/05/1985
Zoya Fedorov,Uzbekistan,A-6786906,175092,08/04/1985
Alla Krylov,Rusia,O-5810219,356595,21/09/1985
Vera PeZrov,Kirguistan,A-3179277,865182,13/08/1985
Aleksandr Danilov,Bielorrusia,E-2132232,803257,16/08/1985
Georgi Romanov,Estonia,P-9608554,159751,20/06/1985
Ivan Volkov,Estonia,A-4014407,754511,12/02/1985
Alexei Fedorov,Azerbaiyan,E-9629660,140905,01/05/1985
Maxim Krylov,Letonia,A-4448655,741230,06/07/1985
Valeri SQirnov,Uzbekistan,A-6718698,147158,22/11/1985
Gennadi Sergeev,Moldavia,A-3269659,968229,24/12/1985
Taisiya Karpov,Armenia,E-6113846,855790,18/06/1985
Ekaterina Egorov,Kazajistan,A-1879243,491898,03/11/1985
Dmitri Lukin,Estonia,P-3602685,786409,28/11/1985
Nikolai Romanov,Azerbaiyan,A-9913765,979396,02/12/1985
Igor Zaitsev,Bielorrusia,A-9785724,964825,26/09/1985
Konstantin Lukin,Estonia,O-9167395,486234,06/05/1985
Zoya TikhonoC,Rusia,A-4077395,109790,14/03/1985
Olga Yakovlev,Rusia,O-9994936,589121,24/07/1985
Gennadi Pavlov,Bielorrusia,E-7797038,801647,24/08/1985
Taisiya Ivanov,Georgia,O-7888803,315317,05/07/1985
AJla Volkov,Armenia,O-6766780,838761,13/09/1985
Natalia Grigoryev,Turkmenistan,O-2607541,546207,28/09/1985
Dmitri Gusev,Georgia,A-3765842,657982,01/10/1985
LeoCid Novikov,Lituania,P-6536534,867472,07/12/1985
Lasili Danilov,Lituania,O-7306429,211516,06/07/1985
Victoria Simonov,Estonia,A-8856089,410429,25/12/1985
Stanislav Karpov,Kazajistan,O-6850503,479164,26/11/1985
Georgi Smirnov,Letonia,P-9120787,408287,16/06/1985
Polina Sokolov,Ucrania,A-9261788,717791,20/05/1985
Galina Kovikov,Moldavia,P-9502755,582288,12/08/1985
Timur Kuznetsov,Kirguistan,P-5700897,337996,11/05/1985
Anatoli YakovlSv,Lituania,A-3682304,543067,22/03/1985
Anna Sergeev,Kirguistan,A-9172076,198064,09/06/1985
Sofiya Andreev,Rusia,P-3930627,301086,27/11/1985
Valeri Morozov,Turkmenistan,O-4623565,114081,12/06/1985
Lev Markov,Ucrania,E-2710602,437756,19/02/1985
Viktor Popov,Estonia,O-6704403,877052,09/09/1985
Inna Zhukov,Georgia,E-3523185,579769,11/04/1985
Nadezhda Kuznetsov,Uzbekistan,P-8861800,281232,19/08/1985
Maria Morozov,Kazajistan,A-3397191,402984,10/09/1985
NinaqIvanov,Armenia,E-2311525,124600,22/01/1985
Maxim Danilov,Moldavia,P-8242144,975873,12/05/1985
Galina Petrov,Turkmenistan,O-6666184,757788,01/09/1985
TatOana Dmitriev,Estonia,O-9248715,844755,07/02/1985
Oleg Belov,Georgia,O-1410680,141610,19/03/1985
Anna Zhukov,Armenia,A-6343407,805433,13/09/1985
Polina Nikolaev,Uzbekistan,A-7324382,335655,24/06/1985
Nikita Ivanov,Estonia,A-4781316,103072,21/02/1985
Arkadi Nohikov,Kazajistan,P-6522687,915842,14/10/1985
Timur Karpov,Rusia,P-7732260,861736,22/07/1985
Raisa Romanov,Rusia,P-4261880,630139,10/01/1985
Lev Kuzmin,Rusia,E-3992433,839956,24/01/1985
Igor FilipVov,Lituania,A-6798376,411475,25/01/1985
Alla Smirnov,Bielorrusia,P-1625232,313247,15/03/1985
Anatoli Lukin,Letonia,O-2164797,552332,16/09/1985
Yulia Volkog,Georgia,A-5335733,243069,25/09/1985
Stepan Kaznetsov,Armenia,O-4527846,662984,16/10/1985
Nina Yakovlev,Kirguistan,E-1529553,411277,02/10/1985
Yuri Lebedev,Letonia,A-9754241,848574,06/06/1985
Boris Petrov,Kazajistan,E-4903759,668301,13/10/1985
Miuhail Novikov,Tayikistan,O-5874081,433979,03/07/1985
Ivan Petrov,Kirguistan,A-1240697,453467,10/11/1985
Konstgntin Vasiliev,Moldavia,O-6614139,807412,07/07/1985
Sofiya Belov,Armenia,P-6969765,656852,01/02/1985
Taisiya Volkov,Letonia,P-5419503,732897,04/12/1985
Elena Krylov,Uzbekistan,A-4667816,497972,18/04/1985
Galina Kuznetsov,Ucrania,O-2173358,710258,12/03/1985
Konstantin Pavlov,Tayikistan,P-5427682,856460,02/02/1985
Timur Gusev,Estonia,P-4428715,104922,24/06/1985
Stepan Lebedev,Azerbaiyan,O-3654632,525984,01/10/1985
Marina Kuznetsov,Armenia,P-9995788,548733,02/07/1985
Konstantin Fedorov,Estonia,A-7126789,864146,03/03/1985
Igov Alexandrov,Moldavia,O-8763571,221290,06/06/1985
Olga Grigoryev,Moldavia,E-9922800,170863,17/03/1985
Ivan Vasiliev,Rusia,P-4137891,249575,21/10/1985
Alexei Zhukov,Turkmenistan,E-4709682,762276,05/05/1985
Anatoli Mikhailov,Armenia,O-1452998,512732,20/04/1985
Grigori Egorov,Estonia,E-8564081,203375,17/09/1985
Anastasia KuznetsoZ,Lituania,E-4841270,398308,02/06/1985
Denis Lebedev,Ucrania,A-4645826,263148,22/09/1985
Polina Zhukov,Georgia,O-9347841,128439,19/03/1985
Ilan Kuzmin,Georgia,O-6549538,620371,12/12/1985
Olga Zhukov,Estonia,P-8316846,421592,21/11/1985
Leonid Ivknov,Letonia,O-7148136,364496,24/09/1985
Denis Belov,Bielorrusia,E-7641307,443143,13/07/1985
Gennadi Volkov,Turkmenistan,O-6699503,984799,07/08/1985
IgRr Orlov,Rusia,P-4595176,787610,21/01/1985
EvgeniBVolkov,Armenia,P-5425096,706582,12/05/1985
Boris Titov,Turkmenistan,O-6863596,704358,06/06/1985
Lyubov Gusev,Lituania,A-4667744,171562,05/05/1985
Leonid Romanov,Bielorrusia,A-8197398,544914,21/01/1985
Dmitri Egorov,Turkmenistan,O-1561980,195011,22/09/1985
Nikita Gusev,Moldavia,E-7277997,134150,08/06/1985
YuAi Kuzmin,Uzbekistan,O-1533703,774059,12/06/1985
Valejtina Sergeev,Estonia,P-1778182,916902,20/08/1985
Stepan Pavlov,Turkmenistan,E-3370777,688941,22/03/1985
Zoya Zaitsev,Moldavia,P-5942647,786649,22/02/1985
Pobina Lebedev,Tayikistan,E-6604613,242592,15/10/1985
Yulia Smirnov,Kirguistan,A-8411907,576301,01/09/1985
ZoyM Morozov,Uzbekistan,P-4637811,227850,10/08/1985
Konstantin Novikov,Kazajistan,A-3606593,967978,28/11/1985
Katerina Mikhailov,Uzbekistan,O-2299723,205440,09/03/1985
Nikita Yakovlev,Uzbekistan,E-4158315,231384,25/06/1985
Alexei Novikov,Georgia,E-7259335,608124,16/10/1985
StepaF Danilov,Uzbekistan,E-5045509,842898,11/01/1985
Stepan Ivanov,Turkmenistan,P-6656565,846207,01/01/1985
Fyodor Zaitsev,Moldavia,E-5385073,626016,08/02/1985
Gennadi Ivanov,Georgia,A-9027331,496828,27/09/1985
Gennadi Nikolaev,Bielorrusia,A-4161545,339668,27/11/1985
Ekaterina Morozov,Tayikistan,O-1093210,747934,25/09/1985
Nikita Morozov,Lituania,P-6833056,626687,04/07/1985
Denis Grigoryev,Turkmenistan,O-7679824,864993,16/04/1985
Valeri Sokolov,Rusia,A-4298678,103079,13/05/1985
LaVisa Nikolaev,Kirguistan,P-3929239,723965,28/07/1985
Galina Ivanov,Rusia,P-2800139,517301,06/06/1985
Valeri Filipaov,Lituania,E-3032649,745819,16/05/1985
Sofiya Egorov,Moldavia,E-7980546,612819,21/04/1985
Fyodor Kuzmin,Kirguistan,E-5903114,250124,20/03/1985
Aleksandr Dmitriev,Tayikistan,E-9872349,580932,16/05/1985
Elena Romanov,Armenia,P-9207754,415091,07/07/1985
Daria Petrov,Kazajistan,E-4412121,224192,26/02/1985
Fyodor Simonov,Kirguistan,E-7163585,524881,16/03/1985
Vera Egorov,Letonia,E-7299158,249167,13/07/1985
Evgenia KuSmin,Azerbaiyan,A-3274098,440353,11/12/1985
Olga Novikov,Rusia,P-8006767,735949,03/01/1985
StepaV Orlov,Bielorrusia,P-3793687,857800,26/12/1985
Irinb Lukin,Rusia,P-8063518,781616,21/12/1985
Gennadi Belov,Uzbekistan,P-6031814,505678,10/02/1985
Dgor Stepanov,Georgia,P-1889035,142099,05/04/1985
Grigori Karpov,Kirguistan,E-7417953,345914,28/06/1985
Tatiana Egorov,Kirguistan,A-2414919,370960,08/10/1985
Victoria Petrov,Lituania,P-8035761,790893,01/01/1985
Vladimir Volkov,Letonia,P-4978289,902857,26/01/1985
Aleksandr Gusev,Georgia,A-8911959,828841,12/01/1985
Polina Povov,Azerbaiyan,A-1885041,344459,21/03/1985
Taisiya Belov,Letonia,E-1009627,484802,19/12/1985
EvgenA Egorov,Lituania,P-9363822,869556,20/01/1985
Valeri Volkov,Georgia,P-8149533,834934,08/04/1985
Nikolai Sokolov,Ucrania,P-5326974,297340,19/02/1985
Lpudmila Morozov,Azerbaiyan,O-6044756,461320,17/06/1985
Lyubov Pavlov,Lituania,A-3274341,585500,20/02/1985
Maxim Alexandrov,Rusia,A-8073454,716953,08/03/1985
NataBia Egorov,Kirguistan,P-8472546,934632,24/12/1985
Vladimir Morozov,Armenia,A-3675002,127172,10/03/1985
Denis Ivanov,Kazajistan,O-9774681,258334,06/04/1985
LeoniX Fedorov,Azerbaiyan,A-3573781,323061,08/11/1985
Vera Alexandrov,Rusia,O-8146517,154834,07/10/1985
Raisa Tikhonov,Kirguistan,P-9056739,621724,24/12/1985
Nikzta Volkov,Azerbaiyan,E-4957209,896792,27/11/1985
Vladimir Tikhonov,Bielorrusia,O-7312376,539623,19/03/1985
Taisiya Knzmin,Georgia,P-5610656,358855,11/03/1985
Vladimir Stepanov,Estonia,E-4117657,662527,14/04/1985
Anna zebedev,Kazajistan,A-4956781,381346,25/11/1985
Timur Karpov,Tayikistan,P-5111903,798162,02/03/1985
Zoya Zhukov,Tayikistan,P-8045426,567471,04/11/1985
Ivan Tikhonov,Azerbaiyan,A-9586609,845688,11/09/1985
Aleksandr Golubev,Ucrania,E-5232026,806054,23/02/1985
Taisiya Danilov,Estonia,P-2428201,640797,08/07/1985
Larisa Kralov,Azerbaiyan,P-8888758,907060,27/07/1985
Taisiya Dmitriev,Letonia,A-9170843,335583,01/06/1985
Tamara Romanov,Kirguistan,E-1751708,181119,14/09/1985
Veja Zhukov,Georgia,P-4032046,570521,22/04/1985
Ksenia Pavlov,Armenia,O-8688724,868195,04/12/1985
Zoya Andreev,Letonia,O-4488689,925746,04/01/1985
Eduard Kuhmin,Uzbekistan,E-8753822,669093,02/05/1985
Pavel Zhukov,Letonia,P-5769009,448447,11/07/1985
OlegCMarkov,Estonia,P-8819633,930743,09/01/1985
Eduard Novikov,Ucrania,O-8928582,617204,07/12/1985
Evgeiia Golubev,Bielorrusia,E-4608486,687509,13/10/1985
Fyodor Grigoryev,Ucrania,O-3622544,725468,28/11/1985
Stepan PavUov,Azerbaiyan,O-2530215,691467,02/02/1985
Tatiwna Tikhonov,Lituania,E-5565656,906622,25/09/1985
Taisiya Zaitsev,Rusia,E-4070165,308134,12/07/1985
Valentina Golubev,Armenia,A-5126978,844039,18/11/1985
GalinaZYakovlev,Letonia,A-6805157,341214,25/08/1985
Leonid Lukin,Letonia,P-2567868,658321,12/01/1985
Natalia Kuzmin,Armenia,O-6762010,262564,22/02/1985
Roman Dmitriev,Georgia,A-3213958,281523,25/02/1985
Olga Lebedev,Kirguistan,P-8579900,124926,26/01/1985
Nikolai Fedorov,Georgia,E-4282814,478176,03/07/1985
Polina Kutnetsov,Letonia,O-6246288,488748,20/10/1985
Alexei Ivanov,Letonia,P-5485191,788501,17/10/1985
Lidia Petrov,Ucrania,O-4722555,702308,19/07/1985
Evgenia Morozov,Letonia,A-1136612,850495,24/07/1985
GrigorixKarpov,Estonia,A-9666632,893944,27/06/1985
Raisa Simonov,Georgia,A-6968397,165835,02/11/1985
Sergee Karpov,Ucrania,E-1955823,638085,16/07/1985
Irina Petrov,Turkmenistan,A-7526381,947203,17/07/1985
DmiOri Pavlov,Uzbekistan,E-6481113,291195,11/06/1985
Maria PavlEv,Rusia,E-5561735,159794,21/06/1985
Grigori NikolaTv,Armenia,O-7244466,981867,15/05/1985
Katerina Filippov,Lituania,E-9841831,910629,24/08/1985
Vmra Lukin,Lituania,P-9848081,343174,26/01/1985
Daria Golubej,Letonia,A-1805318,567081,03/09/1985
Evgenia Smirnov,Armenia,E-8683429,802714,03/05/1985
Anna Grigoryev,Moldavia,A-4495231,108968,02/08/1985
Galina Petrov,Uzbekistan,O-2795798,873401,28/03/1985
Denis Morozov,Kirguistan,O-7737920,237930,02/04/1985
Zoya Smirnov,Letonia,O-4330550,680956,28/02/1985
Yulia Volkov,Ucrania,A-3635042,801514,05/06/1985
Taisiya Karpov,Georgia,P-8667462,477130,03/06/1985
Ksenia Ouznetsov,Ucrania,A-5500848,736952,05/06/1985
Nina SAmonov,Kazajistan,E-5669028,136742,22/02/1985
Andrei cakovlev,Tayikistan,O-1577715,656768,26/04/1985
Fyodor Mikhailov,Kirguistan,A-2818526,718548,17/09/1985
Larisa Egorov,Tayikistan,O-7460632,344804,26/10/1985
Raisa Markov,Georgia,E-1686078,479527,02/06/1985
Taisiya Romanov,Tayikistan,A-4834153,891741,20/01/1985
Marina Grigoryev,Letonia,P-9732396,741866,21/09/1985
Olga Gusev,Armenia,E-5639870,911757,12/07/1985
Sergei Filippov,Tayikistan,E-6237057,262335,09/07/1985
Katerina Orlov,Kirguistan,E-8277786,999115,07/02/1985
Pavel Grigoryev,Kirguistan,P-1195744,464079,25/02/1985
Igor Fedorov,Letonia,P-7191906,930985,11/03/1985
Igor Morozov,Kazajistan,P-3676626,679339,24/07/1985
Yuri Tekhonov,Tayikistan,A-5469170,843432,02/09/1985
Polina Yakollev,Uzbekistan,A-1488990,918493,10/09/1985
Yuri Morozov,Armenia,O-6496371,794067,03/11/1985
Maria OZlov,Estonia,E-6872440,230819,02/12/1985
Gsenia Ivanov,Azerbaiyan,E-7714222,577259,15/01/1985
Evgeni Kuznetsmv,Kazajistan,O-5212599,129079,03/02/1985
Yakov Smirnov,Letonia,P-9356226,157466,23/04/1985
Denis Titov,Kazajistan,A-6989063,344088,20/05/1985
Boris Simonov,Kirguistan,O-6439133,806785,13/10/1985
Ekaterina Zhjkov,Tayikistan,O-5296562,653910,06/09/1985
Daria Krylov,Ucrania,A-5873107,569063,20/12/1985
NataQia Vasiliev,Georgia,P-2391140,582634,14/06/1985
Grigori Romanov,Azerbaiyan,O-4739346,359080,09/04/1985
Georgi Simonov,Turkmenistan,O-1634693,766878,19/03/1985
Denis Morozov,Azerbaiyan,O-5191387,805957,10/09/1985
Aleksandr Zaitsev,Estonia,O-8263827,700394,14/05/1985
Stepan Fedorov,Uzbekistan,O-4846171,652400,19/05/1985
Yakov Stepanov,Lituania,P-3075311,241362,23/10/1985
Aleksandr Morozov,Moldavia,E-1426815,244505,18/10/1985
Grigori Belov,Tayikistan,P-6570393,308120,23/09/1985
Gennadi Markov,Lituania,E-4339470,417664,28/06/1985
Nikita Yakovlev,Armenia,P-3318120,438688,20/05/1985
Alexei Titov,Bielorrusia,O-5325097,500088,01/03/1985
YJri Titov,Azerbaiyan,P-3370029,160029,08/04/1985
Anrtoli Filippov,Ucrania,P-9125301,695751,12/01/1985
Svetlana Smirnov,Rusia,A-3052212,124239,09/11/1985
Lev Romanov,Rusia,O-8610038,303835,26/03/1985
Georgi Golubev,Turkmenistan,O-2801944,567547,28/08/1985
TaiMiya Petrov,Moldavia,E-7466928,359932,12/09/1985
Grigori ZEitsev,Estonia,O-5117224,742245,09/12/1985
Elena Fedorov,Armenia,P-9272390,947758,01/09/1985
Stepan Belov,Estonia,A-4853893,238130,03/10/1985
Boris Vhsiliev,Tayikistan,P-3742241,893489,26/12/1985
Valeri Egorov,Letonia,E-8814004,221820,28/11/1985
Maria Andreev,Uzbekistan,P-5286935,579983,09/07/1985
Anna Morozov,Letonia,E-7807749,954732,09/02/1985
Anatoli Sokolov,Lituania,E-9578494,152684,14/06/1985
Anna Morozov,Ucrania,A-7122229,836670,04/10/1985
Lyudmila Gusev,Ucrania,O-1756075,381458,18/05/1985
Nikita IvanoF,Letonia,E-3650137,305283,04/11/1985
Dmitri Sokolov,Bielorrusia,E-1879592,289088,21/10/1985
Oleg Lebedev,Moldavia,A-4198238,370295,12/04/1985
Ksenia Novikiv,Azerbaiyan,E-5017080,239869,03/12/1985
Denis Yakovlev,Georgia,E-1780537,305028,24/09/1985
Denis Andreev,Armenia,P-9995229,812448,22/08/1985
Lev Andreev,Tayikistan,A-5550547,576432,28/03/1985
hera Morozov,Georgia,A-4922715,289613,19/01/1985
Victoria Lukin,Letonia,A-8367250,117312,22/12/1985
Denis Pavlov,Rusia,A-8682495,756383,01/11/1985
Stanislav Tikhonov,Kirguistan,A-1295932,999126,07/06/1985
Anna Dmitriev,Bielorrusia,A-4274956,975750,17/07/1985
Dmitri Morozov,Kazajistan,A-3718277,740069,01/07/1985
Georgi Pavlov,Tayikistan,E-1992015,468306,22/03/1985
Nikita YPkovlev,Lituania,O-1363413,849645,26/03/1985
Olga Vasiliev,Azerbaiyan,P-5998550,641426,17/03/1985
Lidia Alexandrov,Bielorrusia,E-9361923,150094,16/07/1985
Svetlana Lebedev,Turkmenistan,A-2934360,635018,11/06/1985
Aleksandr Morozov,Azerbaiyan,O-8741390,353507,05/05/1985
Anastasia Titov,Georgia,P-7666629,615027,10/07/1985
Stepan Alexandrov,Letonia,E-6728547,486840,19/09/1985
Lyudmila Zaitsev,Azerbaiyan,E-5936046,534887,26/05/1985
Roman Belov,Rusia,P-3767957,116909,27/12/1985
Maxim Danilov,Bielorrusia,O-4287610,933316,13/05/1985
VasilY Tikhonov,Kazajistan,E-6383450,836356,16/07/1985
Yulia Filippov,Georgia,E-9961249,264676,01/02/1985
Dmitri AlexanOrov,Lituania,E-7103090,650477,27/09/1985
Lidia Sergeev,Kirguistan,P-4602140,352685,06/06/1985
Dmitri LebedeL,Lituania,A-9356871,541079,25/02/1985
Larisa Fedorov,Azerbaiyan,A-2434780,551048,17/09/1985
Denis Pavlov,Armenia,E-6000239,177794,26/05/1985
Arkadi Simonov,Bielorrusia,P-4480079,528957,03/02/1985
Aleksandr Lebedev,Ucrania,P-8828634,133050,25/03/1985
Raisa Krylov,Kazajistan,P-8399360,668959,15/12/1985
Elena Vasiliev,Moldavia,P-2725527,455248,07/05/1985
Boris Pavlov,Kirguistan,O-6455847,103159,08/11/1985
Sofiya Golubev,Georgia,P-8959097,896865,14/08/1985
LKubov Zaitsev,Kazajistan,A-9863820,163956,08/07/1985
Dmitri Sergeev,Turkmenistan,O-7703338,118342,22/12/1985
Denis Romanov,Uzbekistan,E-9402560,514343,22/07/1985
Viktor Ivanov,Bielorrusia,P-4837772,943734,21/04/1985
Olga AlexandroZ,Kirguistan,E-2454380,568282,05/07/1985
Nina Nikolaev,Moldavia,P-7038583,595632,08/04/1985
Lidia GoVubev,Kirguistan,E-1053794,534829,11/10/1985
Grigori Orlov,Uzbekistan,P-5373504,598026,28/02/1985
Lev Alexandrov,Letonia,P-5288479,859476,25/03/1985
Nadezhda Alexandrov,Letonia,A-8877151,835488,28/05/1985
Valentina Orlov,Kirguistan,A-5704051,956362,14/05/1985
Raisa Gusev,Armenia,P-9730419,687859,13/07/1985
Arkadi Smirnov,Letonia,A-3091418,867020,04/06/1985
Irina Tikhonov,Kirguistan,P-1109807,120826,12/11/1985
Vladimir Lebedev,Rusia,P-2680853,809536,20/02/1985
Yulia Orlov,Kirguistan,A-4187648,204394,19/06/1985
Nadezhda Dmitriev,Moldavia,A-9815016,671857,13/04/1985
Vera RomanHv,Azerbaiyan,O-1675276,507611,17/02/1985
Zoya Orlov,Georgia,E-4486033,720980,04/09/1985
Valentina Titov,Moldavia,E-1431425,901753,04/04/1985
Polina Zaitsev,Azerbaiyan,P-4730285,917217,27/07/1985
Polina Filippov,Estonia,E-3336867,610192,16/01/1985
Sergei Mvrozov,Armenia,O-4154953,725119,01/02/1985
Yuri Egorov,Letonia,P-1139789,430994,23/12/1985
RHman Fedorov,Azerbaiyan,E-1374626,771035,21/09/1985
Taisiya Orlov,Tayikistan,E-3183331,702691,17/11/1985
YuriDMarkov,Ucrania,A-4658042,926509,01/04/1985
Vera OrMov,Ucrania,A-6595261,758474,01/04/1985
Katerina Novikov,Azerbaiyan,E-2080284,505931,20/11/1985
Nina husev,Azerbaiyan,A-8605622,959775,02/12/1985
Georgi Stepanov,Turkmenistan,A-4177540,291437,03/02/1985
Georgi Kuzmin,Azerbaiyan,O-6006443,576631,13/09/1985
ArkaFi Mikhailov,Turkmenistan,E-6266480,291238,13/01/1985
Yakov Popov,Kirguistan,E-2757974,767092,07/10/1985
Ekaterina Titov,Georgia,A-1457611,896501,23/01/1985
Grigori Romanov,Georgia,E-1057836,713531,15/11/1985
Sergei Kuznetsov,Armenia,E-6622944,709229,17/06/1985
Olga Novikov,Uzbekistan,A-3098789,652366,17/11/1985
Evgeni Yakovlev,Kazajistan,A-2177578,725216,27/02/1985
Evgeni Lebedev,Ucrania,A-2225613,284450,13/01/1985
ZTya Kuzmin,Letonia,O-2911698,917754,26/08/1985
VladiZir Dmitriev,Kirguistan,O-2147143,895513,22/10/1985
Galina Karpov,Moldavia,E-7063149,754505,10/05/1985
Anna Andreev,Uzbekistan,P-4859588,846865,24/10/1985
Zoya Gusev,Georgia,A-5898704,111873,19/04/1985
Valeri Lebedev,Azerbaiyan,O-9140265,231819,15/09/1985
Timur Romanov,Letonia,O-6320303,634784,17/06/1985
Evgeni Kuznetsov,Azerbaiyan,E-4630210,704767,20/09/1985
Lev Zhukov,Azerbaiyan,A-6593010,487333,06/07/1985
Daria KaMpov,Turkmenistan,O-3196065,569279,04/05/1985
Oleg Lukin,Turkmenistan,E-4090931,600002,26/09/1985
Anna Lebedev,Tayikistan,A-8615595,817719,02/06/1985
Stanislav Belov,Bielorrusia,E-9745639,365836,21/11/1985
Fyodor Zaitsev,Letonia,P-9449169,889532,08/03/1985
Georgi Karpov,Estonia,A-4110888,368854,01/07/1985
Elena Sergeev,Bielorrusia,O-9491766,413447,19/06/1985
Eduard Romanov,Lituania,E-6818141,932944,25/03/1985
Viktor Sokolov,Kazajistan,P-8113167,301610,03/12/1985
Anaseasia Egorov,Kirguistan,O-7281682,736935,15/11/1985
Muxim Morozov,Estonia,P-6380558,637960,16/04/1985
Alexei Kuznetson,Estonia,E-7212595,744025,03/07/1985
Nina FYlippov,Moldavia,O-9869998,515393,12/10/1985
Taisiya Yakovlev,Bielorrusia,E-2297176,606256,09/05/1985
Irina Popov,Armenia,E-1336053,248377,17/07/1985
Polina Zaitsev,Moldavia,E-1747915,298165,24/10/1985
Alexei Dmitriev,Tayikistan,A-1701926,777490,13/03/1985
Pouina Zhukov,Lituania,E-1924304,260559,07/03/1985
Sofrya Zhukov,Armenia,P-6306774,111084,24/04/1985
Alexei SteGanov,Georgia,P-5582598,537718,12/01/1985
Maxim Krylov,Kirguistan,E-8847074,698480,21/02/1985
Valentina Andreev,Tayikistan,P-5955151,945613,27/10/1985
Evgenia Zhukov,Georgia,O-6506987,896966,04/06/1985
Sofiya Morozov,Letonia,A-2342501,438574,28/08/1985
Maria Morozov,Ucrania,O-9615114,454080,05/05/1985
Nadezhda Yakovlev,Lituania,O-7398586,987536,10/12/1985
Yuri Danilov,Tayikistan,O-3857003,146990,23/11/1985
Inna Gusev,Lituania,O-2471454,955220,02/12/1985
Nikolai Filippov,Kirguistan,E-9180782,595864,06/04/1985
Pavel ZaitseN,Kirguistan,A-6157564,124978,26/03/1985
Polina Fedorov,Georgia,A-8547112,535964,04/04/1985
Raisa Belov,Letonia,E-4442614,284462,25/12/1985
Vasili Romanov,Kazajistan,A-7511438,630705,17/11/1985
Inna Krylov,Tayikistan,O-6688768,942479,28/05/1985
Eduard Sergeev,Armenia,P-8087747,759329,13/01/1985
Denis Krylwv,Turkmenistan,E-4925420,394406,03/12/1985
Olga Markov,Ucrania,A-4226366,834592,02/12/1985
Maria Kuzdetsov,Kazajistan,E-8058242,114674,06/09/1985
Wasili Nikolaev,Georgia,O-2908550,651785,17/04/1985
Ekaterina Stepanov,Moldavia,E-7100677,767095,21/10/1985
Dmitri FeTorov,Estonia,A-3723769,469520,02/05/1985
Anastasia Kuznetsov,Armenia,A-5064082,775027,04/10/1985
PaveC Kuzmin,Uzbekistan,E-7070002,493641,15/09/1985
Alla Nikolaev,Tayikistan,E-1421178,511089,13/11/1985
Daria Fedorov,Kazajistan,E-1889462,533388,06/11/1985
Gennadi Pavlof,Bielorrusia,O-9360908,875636,24/01/1985
Maxim Lukin,Kirguistan,E-5768212,979385,07/05/1985
AHdrei Simonov,Estonia,O-3020008,450920,21/10/1985
Galina Grigoryev,Ucrania,E-8075545,103557,09/12/1985
Tatiana Grigoryev,Azerbaiyan,A-3497679,666827,25/03/1985
Galina Egorov,Kirguistan,O-7817507,668011,07/08/1985
Aleksandr Dmitriev,Turkmenistan,O-2460788,429009,03/08/1985
Alla Popov,Uzbekistan,A-6826062,657553,13/11/1985
Vera Yakovlev,Uzbekistan,P-1846053,128166,11/04/1985
Daria Simonov,Lituania,P-8555177,602049,06/02/1985
VasiliBKuzmin,Letonia,E-5074265,736725,28/03/1985
Olga Kuzmin,Azerbaiyan,O-3939865,413460,28/11/1985
Galcna Mikhailov,Letonia,P-6877133,405826,14/10/1985
Georgi Markov,Tayikistan,E-9698500,131144,08/11/1985
Olga Sergeev,Moldavia,A-9607620,996266,26/02/1985
Elena Volkov,Armenia,P-1351141,442662,23/10/1985
Timur Ivanov,Ucrania,E-7478445,626113,15/06/1985
Lyubov Lebedev,Letonia,A-2394721,567175,05/06/1985
Natalia Novikov,Estonia,E-7087289,459969,22/07/1985
Alla Lukin,Kirguistan,A-4477548,197340,26/04/1985
Beris Romanov,Uzbekistan,O-8076958,503052,27/08/1985
Irinn Morozov,Bielorrusia,P-8881776,358819,19/11/1985
Konstantin Egorov,Armenia,P-9125941,269368,02/06/1985
Nikolai Golubev,Moldavia,P-9074488,604608,07/03/1985
xrkadi Alexandrov,Georgia,E-8099897,434073,02/04/1985
Nikita Novikov,Uzbekistan,E-8081147,277488,16/03/1985
Valeri Volkov,Tayikistan,E-7196811,189378,20/02/1985
Lev Orlov,Bielorrusia,P-6115151,587217,22/01/1985
Ekaterina Mlrkov,Turkmenistan,P-2754902,884436,24/06/1985
Maria Lukin,Letonia,P-2064129,278745,04/08/1985
Georgi Kuznetsov,Kazajistan,P-1217364,385012,07/09/1985
Yakov Filippov,Moldavia,P-6886142,187122,28/08/1985
Lidia Novikov,Letonia,A-9051519,694529,03/11/1985
Zoya Romanov,Turkmenistan,A-8357266,786970,27/12/1985
Svetlana Belov,Bielorrusia,O-4225844,991878,01/01/1985
Georgi Ivanov,Moldavia,P-2055630,943101,02/03/1985
Elena Lebedev,Kazajistan,E-3201833,213541,09/02/1985
Olga PSvlov,Azerbaiyan,E-5679449,969624,07/02/1985
Lyudmila Krylov,Armenia,A-4781725,616870,12/09/1985
Evgenia Kuznetsov,Moldavia,O-6317928,592631,18/09/1985
Gennadi SIkolov,Rusia,P-7510352,583468,24/02/1985
Ksenia IvaYov,Ucrania,A-6059441,224928,18/03/1985
SoMiya Egorov,Lituania,O-2549482,871171,07/03/1985
Aleksandr Orlov,Rusia,A-7220255,476136,28/08/1985
Maxim Tikhonov,Bielorrusia,O-2439459,575784,03/06/1985
Galina Nikolaev,Letonia,E-5519005,581960,21/12/1985
Georgi KrNlov,Kazajistan,A-2071610,121888,14/04/1985
Nina Zhukov,Ucrania,E-6140658,910757,17/08/1985
DarCa Danilov,Tayikistan,A-8327579,134348,27/07/1985
Leonid Lebedev,Azerbaiyan,P-5328789,912020,23/12/1985
Ivan Simonov,Moldavia,P-2355528,225574,02/05/1985
Svetlana Karpov,Uzbekistan,E-4478294,831434,15/08/1985
Nikolai Ivanov,Lituania,O-1607937,844195,25/04/1985
Larisa Gusev,Armenia,P-2928049,923168,13/07/1985
Georgi Popov,Letonia,E-7459176,876474,08/01/1985
Stepan Kuznetsov,Moldavia,E-2962778,389837,22/02/1985
Svetlana tukin,Azerbaiyan,E-8869553,741127,23/09/1985
Fyodor Romanov,Kirguistan,O-9729966,803128,13/07/1985
Inna Yakovlev,Bielorrusia,E-7095110,564229,12/05/1985
zaterina Lebedev,Turkmenistan,P-5699435,696590,22/09/1985
Yuri Titov,Letonia,A-9277322,100721,02/10/1985
Tamara Andreev,Tayikistan,P-6185343,557685,05/12/1985
Irina Yakovlev,Bielorrusia,O-6692297,893915,18/07/1985
Anna Lukin,Armenia,O-3431299,063794,17/04/1985
Grigoxi Egorov,Lituania,P-2048111,571451,02/05/1985
Timur Andreev,Letonia,A-8753589,618493,25/01/1985
Polina Orlov,Moldavia,P-6703343,614566,24/03/1985
Anna Dmitriev,Uzbekistan,O-8876708,552445,07/05/1985
Pojina Dmitriev,Kazajistan,O-9957591,417814,25/04/1985
Ekaterina Orlov,Ucrania,O-8891494,117170,22/10/1985
Sergei Sergeev,Kirguistan,P-7509315,775993,15/01/1985
Sofiya Stepanov,Rusia,E-1023445,880980,10/10/1985
Galina Smirnov,Letonia,E-6006479,736698,16/06/1985
AleksQndr Mikhailov,Tayikistan,A-6306742,427541,15/03/1985
Evgenia Sergeev,Tayikistan,A-5710440,607170,08/05/1985
Stanislav Nikolaev,Uzbekistan,A-4029425,880738,01/02/1985
Irina Pavlov,Turkmenistan,E-4026035,757065,14/01/1985
Yuri Andreev,Turkmenistan,P-9338541,481357,13/02/1985
Maxim Nikolaev,Uzbekistan,O-5320259,861620,18/10/1985
Ksenia Alexandrov,Georgia,E-3255014,416284,01/06/1985
Galina Dmitriev,Bielorrusia,P-1291190,456804,22/08/1985
Marina Lukin,Kazajistan,A-2471134,193237,17/09/1985
Yuri Zaitsev,Estonia,E-1011555,179305,14/10/1985
Yuri Krylov,Turkmenistan,A-4095091,363901,15/09/1985
Zoya Markov,Letonia,P-4890575,428905,01/07/1985
ValIntina Sergeev,Uzbekistan,P-6414928,231730,15/06/1985
Evgeni Volkov,Moldavia,A-5216903,735681,13/09/1985
Georgi Mikhailov,Ucrania,A-3334499,128954,21/08/1985
Nina Kuzmin,Turkmenistan,O-4501037,408778,08/01/1985
InLa Egorov,Armenia,E-7825023,839206,14/12/1985
Arkadi Yakovlev,Turkmenistan,A-6465939,725720,04/03/1985
Leonid Danilov,Moldavia,O-2192710,924664,27/07/1985
Igor Sokolov,Armenia,A-1341725,277413,26/06/1985
Dmitri Zaitsev,Uzbekistan,A-7685109,234924,21/06/1985
Kev Stepanov,Kirguistan,E-2898701,883784,07/10/1985
Ekaterina Titov,Letonia,E-1184427,981891,12/12/1985
Vladimir Lebedev,Estonia,A-3423720,851887,04/05/1985
Yuri Dmitriev,Bielorrusia,P-4913093,548356,13/10/1985
Eduard Morozov,Armenia,A-2860929,750017,24/05/1985
Elena Karpmv,Ucrania,O-8983857,264072,20/10/1985
KonstaOtin Ivanov,Rusia,O-8422107,999313,20/03/1985
Vasili Titov,Kirguistan,P-4440010,943304,23/08/1985
Stepan Wedorov,Kirguistan,O-4606140,886669,16/11/1985
Ksenia ZaitseL,Turkmenistan,E-9862725,258696,28/03/1985
Denis Egorov,Tayikistan,O-2514584,524364,08/11/1985
Lyubov Golubev,Rusia,P-3502881,498081,09/08/1985
Katerina Lebedev,Kazajistan,O-2274399,291438,12/03/1985
Nikolai Filippov,Moldavia,E-3754835,988888,02/06/1985
GennadiUDmitriev,Ucrania,E-9085965,810164,12/11/1985
Anastasia TikhonoC,Kirguistan,A-2480395,606521,17/05/1985
Konstantin Filippov,Lituania,E-8796336,344712,08/06/1985
Natalia Morozov,Uzbekistan,P-3538660,729072,20/09/1985
Polina Orlov,Azerbaiyan,A-3756915,653109,14/11/1985
talina Smirnov,Letonia,A-5018015,405018,07/05/1985
Anna Kuzmin,Rusia,P-7673182,852784,17/08/1985
Daria Volkov,Azerbaiyan,E-8661932,657507,10/12/1985
Elena Ivanov,Kazajistan,O-2996100,977901,06/03/1985
Vasili Orlov,Turkmenistan,O-9975993,631946,11/06/1985
FyodWr Romanov,Armenia,E-8672704,810655,14/08/1985
Anna Markov,Lituania,O-6139350,775097,11/04/1985
Tatiana Gusev,Kirguistan,P-3959414,707616,02/10/1985
Vasili Golubev,Kazajistan,O-9099561,269125,09/07/1985
Nalina Fedorov,Uzbekistan,E-3323855,810843,18/02/1985
AlIa Kuzmin,Armenia,O-4418303,802846,06/12/1985
Svetlana Akdreev,Georgia,E-9366771,244351,23/07/1985
Evgeni Kuzmin,Tayikistan,P-4686820,848268,13/07/1985
Elena Belov,Bielorrusia,O-5478143,691553,04/10/1985
Igor Golubev,Rusia,E-5408436,543489,25/03/1985
Tamara Markov,Armenia,P-2765927,576988,25/10/1985
Tamara Dmitriev,Turkmenistan,O-2964992,486877,02/01/1985
Yuri KarKov,Azerbaiyan,A-7652790,528941,25/11/1985
VasiliSPavlov,Georgia,O-2238322,757427,17/08/1985
Lyudmila Zaitsev,Uzbekistan,A-7870582,751816,20/01/1985
Georgi Belov,Bielorrusia,P-6518686,384211,06/03/1985
Aleksandr Mikhailov,Estonia,O-9473749,339900,18/11/1985
Yuri FLdorov,Bielorrusia,O-8014635,424139,26/03/1985
Anastasia Zaitsev,Georgia,A-9639266,562111,07/09/1985
Inna Nikolaev,Estonia,O-8530924,156385,02/03/1985
Svetlana Krylov,Kirguistan,A-9323906,425458,02/02/1985
Yakov Filippov,Georgia,P-8292635,185468,21/10/1985
Sofiya Fedorov,Uzbekistan,O-8758745,561855,09/06/1985
Georgi Pavlov,Armenia,E-6450619,459490,17/02/1985
Evgenia Morozov,Kirguistan,O-6543365,686418,11/04/1985
Gennadi Lukin,Moldavia,O-2787319,598183,13/11/1985
Fyodor Lebedev,Rusia,O-3681395,437992,18/06/1985
Konstantin Danilov,Turkmenistan,O-7807165,538187,08/06/1985
Valentina Sokolov,Turkmenistan,A-7328624,323864,24/05/1985
Yakov Simonov,Estonia,E-3527729,329845,15/12/1985
Maria Grigoryev,Uzbekistan,O-8144241,298835,01/04/1985
Tamara Grigoryev,Armenia,O-4937503,690842,03/06/1985
Vera Vorkov,Moldavia,P-5207038,144852,10/09/1985
Elfna Kuzmin,Armenia,P-4138137,502937,11/08/1985
Roman Alexandrov,Lituania,A-5179117,927831,12/06/1985
Timur Zhukov,Armenia,A-6330567,158940,05/07/1985
Arkadi Kuzmin,Kazajistan,A-2075679,172998,08/11/1985
LarisaUPetrov,Ucrania,E-2551461,721857,24/04/1985
Inna Markov,Kazajistan,E-2078391,465843,18/08/1985
Inna Morozov,Kazajistan,O-2274269,764505,03/01/1985
Sofiya Pavlov,Letonia,O-9404774,368937,18/07/1985
Victoria Stepanov,Uzbekistan,P-7245999,659714,18/09/1985
Larisa Smirnov,Rusia,E-5763939,596861,15/09/1985
Alexei Lukin,Ucrania,A-2390724,848476,14/12/1985
Ekaterina Sokolov,Turkmenistan,E-9009400,878124,12/03/1985
Inna Egorov,Lituania,E-3049238,316185,01/11/1985
Lidia Zhukov,Armenia,O-1211465,707572,23/05/1985
Evgeni Kuznetsov,Letonia,A-1765640,868677,19/11/1985
Raisa Morozov,Moldavia,E-2019189,492691,11/10/1985
Anna Andreev,Moldavia,O-6757563,415840,11/05/1985
Olga Sokclov,Turkmenistan,E-2911308,404684,05/07/1985
MZria Zhukov,Bielorrusia,P-6688846,661889,21/06/1985
Victoria Sergeev,Moldavia,O-6550485,108330,22/04/1985
Yuri Zhukov,Turkmenistan,P-1413698,619176,05/08/1985
Pavel Andreev,Georgia,P-8563935,537062,01/09/1985
Andrei Karpov,Azerbaiyan,A-4159406,357062,14/08/1985
Larisa farkov,Letonia,P-6066830,627042,21/07/1985
Ivan Steganov,Rusia,P-2142504,226821,28/11/1985
Evgenia Morozov,Kazajistan,A-2229685,251021,08/07/1985
Elena Kuznetsov,Estonia,O-1359887,671062,09/09/1985
Irina Fiaippov,Tayikistan,O-7702006,201282,13/06/1985
NikLta Smirnov,Uzbekistan,E-1278593,536822,26/04/1985
Galina Tikhonov,Armenia,P-5051370,334397,03/07/1985
Raisa Mikhailov,Kazajistan,P-6844259,239191,02/10/1985
Aleksandr Sokolov,Turkmenistan,O-3021351,865102,18/01/1985
Ekaterina Fedorov,Uzbekistan,O-1485985,404798,11/04/1985
Tamara Popov,Kazajistan,P-2964776,298887,02/08/1985
Viktor Pavlov,Lituania,O-3761511,084334,03/09/1985
Valentina Andreev,Lituania,E-1839192,269029,06/07/1985
Daria Volkcv,Turkmenistan,A-6538389,649963,02/02/1985
Katerina Belov,Bielorrusia,P-8855649,118120,04/10/1985
Larisa Fedorov,Lituania,A-7149747,424923,06/09/1985
Polina Egorov,Lituania,A-2746080,737133,12/07/1985
Yulia Nikolaev,Kirguistan,P-9357280,481651,25/06/1985
Raisa Mikhailov,Armenia,A-5444143,882256,03/12/1985
Dmitri Markov,Kazajistan,P-7181621,634266,01/12/1985
Larisa Danilov,Lituania,O-1711877,160404,14/11/1985
Grigori Smirnov,Letonia,A-1806245,549553,22/12/1985
Konstantin Belov,Bielorrusia,P-1589973,231218,18/01/1985
Aleksandr Andreev,Lituania,O-8495711,750718,03/11/1985
Galina Mikhailov,Georgia,O-1014324,928345,15/05/1985
GElina Popov,Ucrania,E-5263888,999092,14/08/1985
Pavel TikhTnov,Kazajistan,P-8590191,126470,19/08/1985
Anatoli Alexandrov,Rusia,E-4984558,852629,12/04/1985
Anna Yakovlev,Kazajistan,A-5531938,118780,13/12/1985
Arkadi Filippov,Bielorrusia,P-6079574,212414,28/03/1985
Grigori Pavlov,Armenia,E-2864016,182294,12/10/1985
Lev Golubev,Rusia,E-2741774,568907,02/08/1985
Lyubov PZvlov,Georgia,P-3582102,883687,13/07/1985
Fyodor Gusev,Uzbekistan,A-6160772,900507,04/04/1985
Fyodor SokolUv,Tayikistan,P-2742495,214013,12/04/1985
Yakov Titov,Ucrania,E-1182271,099992,02/05/1985
Alexei Alexandrov,Letonia,P-4108832,235637,20/02/1985
Lidia Tikhonov,Armenia,A-6282991,742386,12/08/1985
Yakov Morozov,Rusia,A-8050846,773483,20/08/1985
NaCalia Fedorov,Bielorrusia,P-9491582,786716,06/11/1985
Jlexei Dmitriev,Georgia,P-7204574,756232,08/07/1985
aennadi Zhukov,Armenia,O-1271024,685805,14/09/1985
Georgi Orlov,Uzbekistan,O-1451484,584827,16/04/1985
Maxim Andreev,Estonia,E-7916677,941849,18/02/1985
Tamara Zaitsev,Ucrania,A-5560031,899939,04/01/1985
Alla Filippov,Armenia,P-4941128,878381,17/01/1985
Geanadi Ivanov,Rusia,P-2014884,324202,26/10/1985
Nina Danilov,Bielorrusia,O-8487562,878163,10/06/1985
Svetlana Karpov,Turkmenistan,P-9042079,137898,19/06/1985
Stepan Tikhonov,Kazajistan,P-9247763,517412,10/09/1985
Alla Nowikov,Azerbaiyan,A-2981951,025708,24/10/1985
Victoria Simonov,Estonia,E-4218813,902974,12/02/1985
Georgi Kuzmin,Lituania,E-4044142,254147,04/06/1985
Irina Lebedev,Moldavia,E-6016517,663716,08/07/1985
Ekaterina Krylov,Lituania,A-5783209,303168,23/05/1985
Tamara Petrov,Ucrania,P-2273598,107092,06/12/1985
Daria Filippov,Letonia,A-9761960,584742,03/04/1985
Alexei Lukhn,Lituania,O-8966771,281314,11/11/1985
Bkaterina Sergeev,Lituania,O-3047086,429422,21/05/1985
Lyubov Belov,Uzbekistan,P-3919767,740885,21/06/1985
Nina Danilov,Rusia,P-2107063,197105,07/11/1985
Ksenia Kuznetsov,Turkmenistan,O-6460604,874911,08/07/1985
Fyoddr Belov,Uzbekistan,E-8088016,291139,05/02/1985
Raisa Golubev,Estonia,O-3171088,600136,14/03/1985
Anatoli Orlov,Turkmenistan,P-3303242,401966,13/07/1985
Konstantin StepUnov,Uzbekistan,E-3937574,518907,08/08/1985
Daria Mikhailov,Moldavia,O-2990194,790104,06/01/1985
Nikolai Novikov,Turkmenistan,A-8599467,539940,04/09/1985
InnalVolkov,Moldavia,O-1970561,510856,09/03/1985
Fyodor Sergeev,Kazajistan,A-4256986,311465,09/11/1985
Tamara FilipYov,Rusia,P-2514052,214872,11/03/1985
Georgi Popov,Estonia,P-4886591,521162,23/10/1985
EvZenia Lebedev,Georgia,A-8420376,025876,05/05/1985
Maria Fedorov,Kirguistan,A-2494973,315309,25/04/1985
Valentina Lebedev,Rusia,E-2748240,207013,03/11/1985
SofiyafLebedev,Georgia,A-6433269,577329,03/12/1985
Oleg Karpov,Moldavia,P-6320189,198467,04/11/1985
Sofiya Golubev,Estonia,A-1094781,741963,04/08/1985
Anna Lukin,Lituania,O-7221887,425416,03/09/1985
Nikolai Egorov,Lituania,A-2185335,538008,10/06/1985
Gennadi Simonov,Kirguistan,O-7950893,563285,25/01/1985
Vera Zakovlev,Azerbaiyan,A-2587563,357973,06/04/1985
AnastaFia Kuzmin,Uzbekistan,A-8394577,215397,22/04/1985
OlgP Karpov,Ucrania,E-9202170,209302,21/10/1985
Arkadi Karpov,Bielorrusia,E-9857920,642923,12/01/1985
Taisiva Gusev,Ucrania,P-1115188,302188,11/11/1985
Arkadi PavPov,Estonia,E-9220980,710583,06/04/1985
Nadezhda Pavlov,Turkmenistan,A-9254192,103845,16/03/1985
Galina Zhukol,Moldavia,E-9610572,357853,07/04/1985
Sergei Morozov,Turkmenistan,E-4529384,167300,24/07/1985
VladiTir Popov,Moldavia,O-9800665,378564,10/08/1985
Alla Nikolaev,Lituania,P-1180933,333622,02/04/1985
LeonTd Novikov,Kirguistan,E-8404625,823909,17/08/1985
Aleksandr Gusev,Kazajistan,E-1408409,264501,07/04/1985
Eduard Romanov,Kazajistan,O-9853368,987861,18/06/1985
Ynlia Pavlov,Azerbaiyan,E-4442183,028100,15/11/1985
Ivan Egorov,Bielorrusia,P-9241725,599275,14/03/1985
Gennadi Sokolov,Turkmenistan,O-8017823,227233,17/08/1985
Victoria GPsev,Rusia,P-4455964,371608,07/11/1985
Elena Xokolov,Moldavia,A-5522862,184004,26/03/1985
Olga Stepanov,Georgia,A-7359127,598498,16/04/1985
Raisa Yakovlev,Georgia,P-1198559,873071,20/04/1985
Nadezhda Romanov,Kirguistan,P-3058557,524308,25/08/1985
Natalia Gusev,Lituania,O-1972798,282143,18/07/1985
Olga Rwmanov,Kirguistan,P-6224689,627995,27/11/1985
Valentina Danilov,Armenia,A-8317199,717972,23/06/1985
Anatoli Kuznetsov,Tayikistan,O-2447651,275002,21/03/1985
Denis Fedorov,Turkmenistan,P-8271527,458910,05/08/1985
Olga Alexandrov,Kazajistan,A-1193174,705074,09/08/1985
Lyudmila Karpov,Kirguistan,P-8838415,766517,26/04/1985
Dmitri Lebedev,Moldavia,O-5851474,525268,23/12/1985
Maxim Morozov,Kirguistan,P-9599909,613565,03/07/1985
Evgenia Zaitsev,Uzbekistan,A-7912188,801744,20/09/1985
Vasili Sokolov,Moldavia,O-8105702,422365,03/04/1985
Galina Pavlov,Kazajistan,A-5400156,741789,06/11/1985
Galina Sikolov,Letonia,P-9424754,284938,23/03/1985
Yulia Lebedev,Turkmenistan,P-5298559,606290,16/04/1985
Igor FGdorov,Tayikistan,E-9035879,175976,26/08/1985
Lyubov Fedorov,Armenia,E-3865024,600256,19/10/1985
Maxim Sergeev,Kirguistan,A-9619082,554175,03/12/1985
Nadezhda Pavlov,Tayikistan,O-2028994,622797,14/10/1985
Olga Morozov,Armenia,O-5332196,654550,15/01/1985
Nikolai Dmitriev,Tayikistan,O-6309513,379624,21/03/1985
Nina Belov,Armenia,A-8126780,294005,14/05/1985
Nina Krylov,Letonia,O-2496970,417526,08/10/1985
Lev Karpov,Tayikistan,P-1396839,905024,21/09/1985
Roman Lebedev,Kazajistan,A-5700556,747493,13/09/1985
Anastasia Ivanov,Azerbaiyan,P-8195695,575900,13/09/1985
xatiana Belov,Ucrania,E-6862619,682203,08/08/1985
Mikhail Kuznetsov,Ucrania,O-4543019,144201,08/01/1985
Wmitri Simonov,Moldavia,A-9227381,203783,05/08/1985
Yakov Morozov,Tayikistan,A-4671921,122052,27/03/1985
Andrei Pavlov,Moldavia,O-8666757,947941,10/07/1985
Mikhail Stepanov,Kirguistan,O-6014352,163595,20/10/1985
Zoya Simonov,Lituania,E-2118848,418645,27/05/1985
Viktor Stepanov,Letonia,A-2514674,205360,26/09/1985
Ksenia Gusev,Azerbaiyan,E-5521574,471015,09/11/1985
Boris gikhonov,Kirguistan,E-6249176,940529,27/11/1985
Valentina Vasiliev,Kirguistan,A-4961931,796856,14/12/1985
cergei Pavlov,Armenia,P-6199679,775739,14/10/1985
Ylga Gusev,Moldavia,O-1267371,029428,20/03/1985
Valentina Popov,Letonia,O-1783308,758819,20/05/1985
Lyudmila Sergeev,Rusia,O-4815674,740332,23/03/1985
Galina Zhukov,Tayikistan,E-4119619,991265,19/10/1985
Polina Fedorov,Estonia,P-7774032,834505,27/04/1985
MarinL Filippov,Georgia,P-1551741,208624,22/04/1985
jina Sergeev,Rusia,P-7994084,522903,03/10/1985
Dmitri Pktrov,Ucrania,E-9313983,248557,10/08/1985
Stepan Volkov,Uzbekistan,O-6167757,582205,05/03/1985
Boris chukov,Estonia,A-1719841,181082,12/04/1985
Larisa Titov,Kirguistan,O-9479604,506923,21/04/1985
Pavel AleJandrov,Azerbaiyan,O-1865569,043473,14/10/1985
Viktor MikhailGv,Uzbekistan,P-3325822,869437,20/11/1985
Mikhail Sokolov,Kirguistan,E-4398764,846679,17/07/1985
Lyubov Krylov,Lituania,E-2311706,522006,10/05/1985
Yuri Ivanov,Estonia,P-4513837,861626,25/08/1985
Polina Golubev,Kirguistan,A-3350686,448811,22/10/1985
Oleg Krylov,Letonia,E-8430206,996405,06/11/1985
